> Task :buildSrc:compileJava UP-TO-DATE
> Task :buildSrc:compileGroovy NO-SOURCE
> Task :buildSrc:processResources NO-SOURCE
> Task :buildSrc:classes UP-TO-DATE
> Task :buildSrc:jar UP-TO-DATE

> Configure project :
[Unimined] Plugin Version: 1.2.9
[Unimined/MinecraftDownloader] retrieving version metadata
[Unimined/MinecraftDownloader] retrieving launcher metadata
[Unimined] Plugin Version: 1.2.9
[Unimined/MinecraftDownloader] retrieving version metadata
[Unimined/MinecraftDownloader] retrieving launcher metadata
[Unimined] Plugin Version: 1.2.9
[Unimined/MinecraftDownloader] retrieving version metadata
[Unimined/MinecraftDownloader] retrieving launcher metadata
[Unimined/Minecraft ::main] Applying minecraft config for source set 'main'
[Unimined/Minecraft ::main] Applying NoTransformMinecraftTransformer
[Unimined/Minecraft ::main] Applying run configs
[Unimined/ModRemapper] Remapping mods from official/official to mojmap/official
[Unimined/ModRemapper] No mods found for remapping

> Configure project :fabric
[Unimined/Minecraft :fabric:main] Applying minecraft config for source set 'main'
[Unimined/Minecraft :fabric:main] Applying AccessWidenerMinecraftTransformer
[Unimined/MappingsProvider] Resolving mappings for source set 'main'
[Unimined/MappingsProvider] Mapping tree initialized, official -> [mojmap, intermediary]
[Unimined/Minecraft :fabric:main] Applying run configs
[Unimined/ModRemapper] Remapping mods from intermediary/intermediary to mojmap/official
[Unimined/ModRemapper] No mods found for remapping
[Unimined/Fabric] Generating intermediary classpath.
[Unimined/Runs] Applying runs
[Unimined/FabricLike] Non-fabric ::api found in fabric classpath groups, merging with current (:fabric:main), this should've been manually specified with `combineWith`
[Unimined/FabricLike] Non-fabric ::launch found in fabric classpath groups, merging with current (:fabric:main), this should've been manually specified with `combineWith`
[Unimined/FabricLike] Non-fabric ::main found in fabric classpath groups, merging with current (:fabric:main), this should've been manually specified with `combineWith`

> Configure project :tweaker
[Unimined/Minecraft :tweaker:main] Applying minecraft config for source set 'main'
[Unimined/Minecraft :tweaker:main] Applying NoTransformMinecraftTransformer
[Unimined/Minecraft :tweaker:main] Applying run configs
[Unimined/ModRemapper] Remapping mods from official/official to mojmap/official
[Unimined/ModRemapper] No mods found for remapping
[Unimined/Runs] Applying runs

> Task :fabric:proguard
Running Determinizer
 Input path: F:\Baritone_Dev\baritone\fabric\build\libs\baritone-fabric-1.21.11-SNAPSHOT.jar
 Output path: F:\Baritone_Dev\baritone\fabric\build\libs\baritone-unoptimized-fabric-1.21.11-SNAPSHOT.jar
 Shade: []
Done with determinizer
ProGuard, version 7.4.2
Reading input...
Reading program jar [F:\Baritone_Dev\baritone\fabric\build\libs\baritone-fabric-1.21.11-SNAPSHOT.jar] (filtered)
Reading library jar [C:\Users\stanl\.gradle\caches\modules-2\files-2.1\io.github.llamalad7\mixinextras-fabric\0.5.0\91a83dfb7abd320f6236bd1fcf5c0ff143d59a13\mixinextras-fabric-0.5.0.jar] (filtered)
Reading library jar [C:\Users\stanl\.gradle\caches\modules-2\files-2.1\net.fabricmc\sponge-mixin\0.16.5+mixin.0.8.7\80fc3a9f592673cea87f4cd702f87991c6c9fe4d\sponge-mixin-0.16.5+mixin.0.8.7.jar] (filtered)
Reading library jar [C:\Users\stanl\.gradle\caches\modules-2\files-2.1\org.ow2.asm\asm-util\9.9\42fdfc0508b43807c8078d6e82ecff2ce2112ae8\asm-util-9.9.jar] (filtered)
Note: duplicate definition of library class [module-info]
Reading library jar [C:\Users\stanl\.gradle\caches\modules-2\files-2.1\org.ow2.asm\asm-tree\9.9\f8de6eead6d24dd0f45bd065bbe112b2cda6ea21\asm-tree-9.9.jar] (filtered)
Note: duplicate definition of library class [module-info]
Reading library jar [C:\Users\stanl\.gradle\caches\modules-2\files-2.1\org.ow2.asm\asm-commons\9.9\db9165a3bf908ded6b08612d583a15d1d0c7bda0\asm-commons-9.9.jar] (filtered)
Note: duplicate definition of library class [module-info]
Reading library jar [C:\Users\stanl\.gradle\caches\modules-2\files-2.1\org.ow2.asm\asm-analysis\9.9\bf4fa6e66638851c1cd22c2caea0c3ee5d5f437\asm-analysis-9.9.jar] (filtered)
Note: duplicate definition of library class [module-info]
Reading library jar [C:\Users\stanl\.gradle\caches\modules-2\files-2.1\org.ow2.asm\asm\9.9\c29635c8a7afa03d74b33c1884df8abb2b3f3dcc\asm-9.9.jar] (filtered)
Note: duplicate definition of library class [module-info]
Reading library jar [C:\Users\stanl\.gradle\caches\modules-2\files-2.1\org.slf4j\slf4j-api\2.0.17\d9e58ac9c7779ba3bf8142aff6c830617a7fe60f\slf4j-api-2.0.17.jar] (filtered)
Reading library jar [C:\Users\stanl\.gradle\caches\modules-2\files-2.1\org.lwjgl\lwjgl\3.3.3\9e670718e050aeaeea0c2d5b907cffb142f2e58f\lwjgl-3.3.3-natives-windows-x86.jar] (filtered)
Reading library jar [C:\Users\stanl\.gradle\caches\modules-2\files-2.1\org.lwjgl\lwjgl\3.3.3\e9aca8c5479b520a2a7f0d542a118140e812c5e8\lwjgl-3.3.3-natives-windows-arm64.jar] (filtered)
Reading library jar [C:\Users\stanl\.gradle\caches\modules-2\files-2.1\org.lwjgl\lwjgl\3.3.3\a5ed18a2b82fc91b81f40d717cb1f64c9dcb0540\lwjgl-3.3.3-natives-windows.jar] (filtered)
Reading library jar [C:\Users\stanl\.gradle\caches\modules-2\files-2.1\org.lwjgl\lwjgl\3.3.3\29589b5f87ed335a6c7e7ee6a5775f81f97ecb84\lwjgl-3.3.3.jar] (filtered)
Reading library jar [C:\Users\stanl\.gradle\caches\modules-2\files-2.1\org.lwjgl\lwjgl-tinyfd\3.3.3\c336c84ee88cccb495c6ffa112395509e7378e8a\lwjgl-tinyfd-3.3.3-natives-windows-x86.jar] (filtered)
Reading library jar [C:\Users\stanl\.gradle\caches\modules-2\files-2.1\org.lwjgl\lwjgl-tinyfd\3.3.3\a88c494f3006eb91a7433b12a3a55a9a6c20788b\lwjgl-tinyfd-3.3.3-natives-windows-arm64.jar] (filtered)
Reading library jar [C:\Users\stanl\.gradle\caches\modules-2\files-2.1\org.lwjgl\lwjgl-tinyfd\3.3.3\a6697981b0449a5087c1d546fc08b4f73e8f98c9\lwjgl-tinyfd-3.3.3-natives-windows.jar] (filtered)
Reading library jar [C:\Users\stanl\.gradle\caches\modules-2\files-2.1\org.lwjgl\lwjgl-tinyfd\3.3.3\82d755ca94b102e9ca77283b9e2dc46d1b15fbe5\lwjgl-tinyfd-3.3.3.jar] (filtered)
Reading library jar [C:\Users\stanl\.gradle\caches\modules-2\files-2.1\org.lwjgl\lwjgl-stb\3.3.3\b5c874687b9aac1a936501d4ed2c49567fd1b575\lwjgl-stb-3.3.3-natives-windows-x86.jar] (filtered)
Reading library jar [C:\Users\stanl\.gradle\caches\modules-2\files-2.1\org.lwjgl\lwjgl-stb\3.3.3\a584ab44de569708871f0a79561f4d8c37487f2c\lwjgl-stb-3.3.3-natives-windows-arm64.jar] (filtered)
Reading library jar [C:\Users\stanl\.gradle\caches\modules-2\files-2.1\org.lwjgl\lwjgl-stb\3.3.3\1d9facdf6541de114b0f963be33505b7679c78cb\lwjgl-stb-3.3.3-natives-windows.jar] (filtered)
Reading library jar [C:\Users\stanl\.gradle\caches\modules-2\files-2.1\org.lwjgl\lwjgl-stb\3.3.3\25dd6161988d7e65f71d5065c99902402ee32746\lwjgl-stb-3.3.3.jar] (filtered)
Reading library jar [C:\Users\stanl\.gradle\caches\modules-2\files-2.1\org.lwjgl\lwjgl-opengl\3.3.3\d32d833dcaa2f355a886eaf21f0408b5f03241d\lwjgl-opengl-3.3.3-natives-windows-x86.jar] (filtered)
Reading library jar [C:\Users\stanl\.gradle\caches\modules-2\files-2.1\org.lwjgl\lwjgl-opengl\3.3.3\65e956d3735a1abdc82eff4baec1b61174697d4b\lwjgl-opengl-3.3.3-natives-windows-arm64.jar] (filtered)
Reading library jar [C:\Users\stanl\.gradle\caches\modules-2\files-2.1\org.lwjgl\lwjgl-opengl\3.3.3\e6c1eec8be8a71951b830a4d69efc01c6531900c\lwjgl-opengl-3.3.3-natives-windows.jar] (filtered)
Reading library jar [C:\Users\stanl\.gradle\caches\modules-2\files-2.1\org.lwjgl\lwjgl-opengl\3.3.3\2f6b0147078396a58979125a4c947664e98293a\lwjgl-opengl-3.3.3.jar] (filtered)
Reading library jar [C:\Users\stanl\.gradle\caches\modules-2\files-2.1\org.lwjgl\lwjgl-openal\3.3.3\87b8d5050e3adb46bb58fe1cb2669a4a48fce10d\lwjgl-openal-3.3.3-natives-windows-x86.jar] (filtered)
Reading library jar [C:\Users\stanl\.gradle\caches\modules-2\files-2.1\org.lwjgl\lwjgl-openal\3.3.3\8e0615235116b9e4160dfe87bec90f5f6378bf72\lwjgl-openal-3.3.3-natives-windows-arm64.jar] (filtered)
Reading library jar [C:\Users\stanl\.gradle\caches\modules-2\files-2.1\org.lwjgl\lwjgl-openal\3.3.3\cf83862ae95d98496b26915024c7e666d8ab1c8f\lwjgl-openal-3.3.3-natives-windows.jar] (filtered)
Reading library jar [C:\Users\stanl\.gradle\caches\modules-2\files-2.1\org.lwjgl\lwjgl-openal\3.3.3\daada81ceb5fc0c291fbfdd4433cb8d9423577f2\lwjgl-openal-3.3.3.jar] (filtered)
Reading library jar [C:\Users\stanl\.gradle\caches\modules-2\files-2.1\org.lwjgl\lwjgl-jemalloc\3.3.3\f6063b6e0f23be483c5c88d84ce51b39dc69126c\lwjgl-jemalloc-3.3.3-natives-windows-x86.jar] (filtered)
Reading library jar [C:\Users\stanl\.gradle\caches\modules-2\files-2.1\org.lwjgl\lwjgl-jemalloc\3.3.3\ba1f3fed0ee4be0217eaa41c5bbfb4b9b1383c33\lwjgl-jemalloc-3.3.3-natives-windows-arm64.jar] (filtered)
Reading library jar [C:\Users\stanl\.gradle\caches\modules-2\files-2.1\org.lwjgl\lwjgl-jemalloc\3.3.3\426222fc027602a5f21b9c0fe79cde6a4c7a011f\lwjgl-jemalloc-3.3.3-natives-windows.jar] (filtered)
Reading library jar [C:\Users\stanl\.gradle\caches\modules-2\files-2.1\org.lwjgl\lwjgl-jemalloc\3.3.3\b543467b7ff3c6920539a88ee602d34098628be5\lwjgl-jemalloc-3.3.3.jar] (filtered)
Reading library jar [C:\Users\stanl\.gradle\caches\modules-2\files-2.1\org.lwjgl\lwjgl-glfw\3.3.3\32334f3fd5270a59bad9939a93115acb6de36dcf\lwjgl-glfw-3.3.3-natives-windows-x86.jar] (filtered)
Reading library jar [C:\Users\stanl\.gradle\caches\modules-2\files-2.1\org.lwjgl\lwjgl-glfw\3.3.3\f27018dc74f6289574502b46cce55d52817554e2\lwjgl-glfw-3.3.3-natives-windows-arm64.jar] (filtered)
Reading library jar [C:\Users\stanl\.gradle\caches\modules-2\files-2.1\org.lwjgl\lwjgl-glfw\3.3.3\e449e28b4891fc423c54c85fbc5bb0b9efece67a\lwjgl-glfw-3.3.3-natives-windows.jar] (filtered)
Reading library jar [C:\Users\stanl\.gradle\caches\modules-2\files-2.1\org.lwjgl\lwjgl-glfw\3.3.3\efa1eb78c5ccd840e9f329717109b5e892d72f8e\lwjgl-glfw-3.3.3.jar] (filtered)
Reading library jar [C:\Users\stanl\.gradle\caches\modules-2\files-2.1\org.lwjgl\lwjgl-freetype\3.3.3\15a8c1de7f51d07a92eae7ce1222557073a0c0c3\lwjgl-freetype-3.3.3-natives-windows-x86.jar] (filtered)
Reading library jar [C:\Users\stanl\.gradle\caches\modules-2\files-2.1\org.lwjgl\lwjgl-freetype\3.3.3\82028265a0a2ff33523ca75137ada7dc176e5210\lwjgl-freetype-3.3.3-natives-windows-arm64.jar] (filtered)
Reading library jar [C:\Users\stanl\.gradle\caches\modules-2\files-2.1\org.lwjgl\lwjgl-freetype\3.3.3\81091b006dbb43fab04c8c638e9ac87c51b4096d\lwjgl-freetype-3.3.3-natives-windows.jar] (filtered)
Reading library jar [C:\Users\stanl\.gradle\caches\modules-2\files-2.1\org.lwjgl\lwjgl-freetype\3.3.3\a0db6c84a8becc8ca05f9dbfa985edc348a824c7\lwjgl-freetype-3.3.3.jar] (filtered)
Reading library jar [C:\Users\stanl\.gradle\caches\modules-2\files-2.1\org.jspecify\jspecify\1.0.0\7425a601c1c7ec76645a78d22b8c6a627edee507\jspecify-1.0.0.jar] (filtered)
Reading library jar [C:\Users\stanl\.gradle\caches\modules-2\files-2.1\org.joml\joml\1.10.8\fc0a71dad90a2cf41d82a76156a0e700af8e4f8d\joml-1.10.8.jar] (filtered)
Note: duplicate definition of library class [module-info]
Reading library jar [C:\Users\stanl\.gradle\caches\modules-2\files-2.1\org.jcraft\jorbis\0.0.17\8872d22b293e8f5d7d56ff92be966e6dc28ebdc6\jorbis-0.0.17.jar] (filtered)
Reading library jar [C:\Users\stanl\.gradle\caches\modules-2\files-2.1\org.apache.logging.log4j\log4j-slf4j2-impl\2.25.2\5eec0c392661dee8a366baec17e8896900dd978f\log4j-slf4j2-impl-2.25.2.jar] (filtered)
Note: duplicate definition of library class [module-info]
Reading library jar [C:\Users\stanl\.gradle\caches\modules-2\files-2.1\org.apache.logging.log4j\log4j-core\2.25.2\d4d0ad2e51e03e531f784891fbfff1bae1e13a12\log4j-core-2.25.2.jar] (filtered)
Note: duplicate definition of library class [module-info]
Reading library jar [C:\Users\stanl\.gradle\caches\modules-2\files-2.1\org.apache.logging.log4j\log4j-api\2.25.2\292c1a2b1702f1e1e3adb13e1c57e5bff60335ff\log4j-api-2.25.2.jar] (filtered)
Note: duplicate definition of library class [module-info]
Reading library jar [C:\Users\stanl\.gradle\caches\modules-2\files-2.1\org.apache.commons\commons-lang3\3.19.0\d6524b169a6574cd253760c472d419b47bfd37e6\commons-lang3-3.19.0.jar] (filtered)
Reading library jar [C:\Users\stanl\.gradle\caches\modules-2\files-2.1\org.apache.commons\commons-compress\1.28.0\e482f2c7a88dac3c497e96aa420b6a769f59c8d7\commons-compress-1.28.0.jar] (filtered)
Reading library jar [C:\Users\stanl\.gradle\caches\modules-2\files-2.1\net.sf.jopt-simple\jopt-simple\5.0.4\4fdac2fbe92dfad86aa6e9301736f6b4342a3f5c\jopt-simple-5.0.4.jar] (filtered)
Reading library jar [C:\Users\stanl\.gradle\caches\modules-2\files-2.1\net.java.dev.jna\jna\5.17.0\33d12735bef894440780fce64f9758d420c7bae2\jna-5.17.0.jar] (filtered)
Reading library jar [C:\Users\stanl\.gradle\caches\modules-2\files-2.1\net.java.dev.jna\jna-platform\5.17.0\a4934c44d25a9d8c2ddf4203affd20330cb3426f\jna-platform-5.17.0.jar] (filtered)
Reading library jar [C:\Users\stanl\.gradle\caches\modules-2\files-2.1\it.unimi.dsi\fastutil\8.5.18\a6cff377eecc19c2037bf31568a6d7106b50ba1f\fastutil-8.5.18.jar] (filtered)
Reading library jar [C:\Users\stanl\.gradle\caches\modules-2\files-2.1\io.netty\netty-transport\4.2.7.Final\83ea548981d0d8c4a98027cc1a6f9624f902e142\netty-transport-4.2.7.Final.jar] (filtered)
Reading library jar [C:\Users\stanl\.gradle\caches\modules-2\files-2.1\io.netty\netty-transport-native-unix-common\4.2.7.Final\89953f04259ea7502cffb313630dd51e00e60669\netty-transport-native-unix-common-4.2.7.Final.jar] (filtered)
Reading library jar [C:\Users\stanl\.gradle\caches\modules-2\files-2.1\io.netty\netty-transport-classes-kqueue\4.2.7.Final\bdec7c23c75caabd848426d073c09568e8d5f94e\netty-transport-classes-kqueue-4.2.7.Final.jar] (filtered)
Reading library jar [C:\Users\stanl\.gradle\caches\modules-2\files-2.1\io.netty\netty-transport-classes-epoll\4.2.7.Final\1075c09f48a78eef9d819fbfd9096b903fdd362a\netty-transport-classes-epoll-4.2.7.Final.jar] (filtered)
Reading library jar [C:\Users\stanl\.gradle\caches\modules-2\files-2.1\io.netty\netty-resolver\4.2.7.Final\5f3e5ef8de03992cd4fb46960dc0085ec1a12a12\netty-resolver-4.2.7.Final.jar] (filtered)
Reading library jar [C:\Users\stanl\.gradle\caches\modules-2\files-2.1\io.netty\netty-handler\4.2.7.Final\7ad8a1f851e2e6fe93cdd091871fda2b81c03b5b\netty-handler-4.2.7.Final.jar] (filtered)
Reading library jar [C:\Users\stanl\.gradle\caches\modules-2\files-2.1\io.netty\netty-common\4.2.7.Final\11aa30df26af4fca3239ac1917f303a280f301e1\netty-common-4.2.7.Final.jar] (filtered)
Reading library jar [C:\Users\stanl\.gradle\caches\modules-2\files-2.1\io.netty\netty-codec-http\4.2.7.Final\b734c108854099c421fd94d92d9f865e4d4da853\netty-codec-http-4.2.7.Final.jar] (filtered)
Reading library jar [C:\Users\stanl\.gradle\caches\modules-2\files-2.1\io.netty\netty-codec-compression\4.2.7.Final\572341bc1ca90fd9d6e47f1d2694aab5258566e9\netty-codec-compression-4.2.7.Final.jar] (filtered)
Reading library jar [C:\Users\stanl\.gradle\caches\modules-2\files-2.1\io.netty\netty-codec-base\4.2.7.Final\915e381ebabcf115f1c7ff7032d55c48afb50210\netty-codec-base-4.2.7.Final.jar] (filtered)
Reading library jar [C:\Users\stanl\.gradle\caches\modules-2\files-2.1\io.netty\netty-buffer\4.2.7.Final\5555ff561643bf2f8430fb57c24403c0efe15994\netty-buffer-4.2.7.Final.jar] (filtered)
Reading library jar [C:\Users\stanl\.gradle\caches\modules-2\files-2.1\commons-io\commons-io\2.20.0\36f3474daec2849c149e877614e7f979b2082cd2\commons-io-2.20.0.jar] (filtered)
Reading library jar [C:\Users\stanl\.gradle\caches\modules-2\files-2.1\commons-codec\commons-codec\1.19.0\8c0dbe3ae883fceda9b50a6c76e745e548073388\commons-codec-1.19.0.jar] (filtered)
Reading library jar [C:\Users\stanl\.gradle\caches\modules-2\files-2.1\com.mojang\text2speech\1.18.11\e853a12cdd6ba4f4836e8f4bf3b37844a13482b6\text2speech-1.18.11.jar] (filtered)
Reading library jar [C:\Users\stanl\.gradle\caches\modules-2\files-2.1\com.mojang\patchy\2.2.10\da05971b07cbb379d002cf7eaec6a2048211fefc\patchy-2.2.10.jar] (filtered)
Reading library jar [C:\Users\stanl\.gradle\caches\modules-2\files-2.1\com.mojang\logging\1.6.11\fd147240733010c158249d986323f9ef98977fe\logging-1.6.11.jar] (filtered)
Reading library jar [C:\Users\stanl\.gradle\caches\modules-2\files-2.1\com.mojang\jtracy\1.0.37\6ff6d710fd4ffd470f2799653fab57e27fed0c9d\jtracy-1.0.37-natives-windows.jar] (filtered)
Reading library jar [C:\Users\stanl\.gradle\caches\modules-2\files-2.1\com.mojang\jtracy\1.0.37\a3fb649b2e2b2288d2978f0b0bc3d83f62809d1e\jtracy-1.0.37.jar] (filtered)
Reading library jar [C:\Users\stanl\.gradle\caches\modules-2\files-2.1\com.mojang\datafixerupper\9.0.19\4e91f9712fa1e83231d1501625381b0210a977da\datafixerupper-9.0.19.jar] (filtered)
Reading library jar [C:\Users\stanl\.gradle\caches\modules-2\files-2.1\com.mojang\brigadier\1.3.10\d15b53a14cf20fdcaa98f731af5dda654452c010\brigadier-1.3.10.jar] (filtered)
Reading library jar [C:\Users\stanl\.gradle\caches\modules-2\files-2.1\com.mojang\blocklist\1.0.10\5c685c5ffa94c4cd39496c7184c1d122e515ecef\blocklist-1.0.10.jar] (filtered)
Reading library jar [C:\Users\stanl\.gradle\caches\modules-2\files-2.1\com.mojang\authlib\7.0.61\efee1e6b54e863108576eb3b3ae71144626aaefc\authlib-7.0.61.jar] (filtered)
Reading library jar [C:\Users\stanl\.gradle\caches\modules-2\files-2.1\com.microsoft.azure\msal4j\1.23.1\6c722b514873b24a4e1ce9c22dca36ea3c22bdbe\msal4j-1.23.1.jar] (filtered)
Reading library jar [C:\Users\stanl\.gradle\caches\modules-2\files-2.1\com.ibm.icu\icu4j\77.1\38693cf0b1d7362a8b726af74dc06026a7c23809\icu4j-77.1.jar] (filtered)
Reading library jar [C:\Users\stanl\.gradle\caches\modules-2\files-2.1\com.google.guava\guava\33.5.0-jre\8699de25f2f979108d6c1b804a7ba38cda1116bc\guava-33.5.0-jre.jar] (filtered)
Reading library jar [C:\Users\stanl\.gradle\caches\modules-2\files-2.1\com.google.guava\failureaccess\1.0.3\aeaffd00d57023a2c947393ed251f0354f0985fc\failureaccess-1.0.3.jar] (filtered)
Reading library jar [C:\Users\stanl\.gradle\caches\modules-2\files-2.1\com.google.code.gson\gson\2.13.2\48b8230771e573b54ce6e867a9001e75977fe78e\gson-2.13.2.jar] (filtered)
Reading library jar [C:\Users\stanl\.gradle\caches\modules-2\files-2.1\com.github.oshi\oshi-core\6.9.0\3224870731860cfcd7744581a05b559e94291e7\oshi-core-6.9.0.jar] (filtered)
Reading library jar [C:\Users\stanl\.gradle\caches\modules-2\files-2.1\com.azure\azure-json\1.4.0\fcc1d354dbc3e0300e5276b1bf124d0247799cd8\azure-json-1.4.0.jar] (filtered)
Note: duplicate definition of library class [module-info]
Reading library jar [C:\Users\stanl\.gradle\caches\modules-2\files-2.1\at.yawk.lz4\lz4-java\1.8.1\1f30a180ee04ccd53339a716aec13cae60a013b5\lz4-java-1.8.1.jar] (filtered)
Reading library jar [C:\Users\stanl\.gradle\caches\modules-2\files-2.1\org.jetbrains\annotations\24.0.1\13c5c75c4206580aa4d683bffee658caae6c9f43\annotations-24.0.1.jar] (filtered)
Reading library jar [C:\Users\stanl\.gradle\caches\modules-2\files-2.1\net.fabricmc\fabric-loader\0.18.1\2f1cf1fa62e868562f522698cce909fa1c474d36\fabric-loader-0.18.1.jar] (filtered)
Reading library jar [F:\Baritone_Dev\baritone\fabric\.gradle\unimined\local\mappings\intermediary2named.jar] (filtered)
Reading library jar [C:\Users\stanl\.gradle\caches\unimined\net\minecraft\minecraft\1.21.11\intermediary-1.21.11-mojmap-1.21.11-parchment-2025.03.23\minecraft-1.21.11-fabric-merged+fixed-intermediary.jar] (filtered)
Reading library jar [C:\Users\stanl\.gradle\caches\modules-2\files-2.1\com.google.code.findbugs\jsr305\3.0.2\25ea2e8b0c338a877313bd4672d3fe056ea78f0d\jsr305-3.0.2.jar] (filtered)
Reading library jar [C:\Users\stanl\.gradle\caches\modules-2\files-2.1\dev.babbaj\nether-pathfinder\1.4.1\d7dba70ac0e4a02d6b54767b9592f5d5773895\nether-pathfinder-1.4.1.jar] (filtered)
Reading library jar [C:\Users\stanl\.gradle\caches\modules-2\files-2.1\org.ow2.asm\asm\9.7\73d7b3086e14beb604ced229c302feff6449723\asm-9.7.jar] (filtered)
Note: duplicate definition of library class [module-info]
Note: duplicate definition of library class [org.objectweb.asm.AnnotationVisitor]
Note: duplicate definition of library class [org.objectweb.asm.AnnotationWriter]
Note: duplicate definition of library class [org.objectweb.asm.Attribute$Set]
Note: duplicate definition of library class [org.objectweb.asm.Attribute]
Note: duplicate definition of library class [org.objectweb.asm.ByteVector]
Note: duplicate definition of library class [org.objectweb.asm.ClassReader]
Note: duplicate definition of library class [org.objectweb.asm.ClassTooLargeException]
Note: duplicate definition of library class [org.objectweb.asm.ClassVisitor]
Note: duplicate definition of library class [org.objectweb.asm.ClassWriter]
Note: duplicate definition of library class [org.objectweb.asm.ConstantDynamic]
Note: duplicate definition of library class [org.objectweb.asm.Constants]
Note: duplicate definition of library class [org.objectweb.asm.Context]
Note: duplicate definition of library class [org.objectweb.asm.CurrentFrame]
Note: duplicate definition of library class [org.objectweb.asm.Edge]
Note: duplicate definition of library class [org.objectweb.asm.FieldVisitor]
Note: duplicate definition of library class [org.objectweb.asm.FieldWriter]
Note: duplicate definition of library class [org.objectweb.asm.Frame]
Note: duplicate definition of library class [org.objectweb.asm.Handle]
Note: duplicate definition of library class [org.objectweb.asm.Handler]
Note: duplicate definition of library class [org.objectweb.asm.Label]
Note: duplicate definition of library class [org.objectweb.asm.MethodTooLargeException]
Note: duplicate definition of library class [org.objectweb.asm.MethodVisitor]
Note: duplicate definition of library class [org.objectweb.asm.MethodWriter]
Note: duplicate definition of library class [org.objectweb.asm.ModuleVisitor]
Note: duplicate definition of library class [org.objectweb.asm.ModuleWriter]
Note: duplicate definition of library class [org.objectweb.asm.Opcodes]
Note: duplicate definition of library class [org.objectweb.asm.RecordComponentVisitor]
Note: duplicate definition of library class [org.objectweb.asm.RecordComponentWriter]
Note: duplicate definition of library class [org.objectweb.asm.Symbol]
Note: duplicate definition of library class [org.objectweb.asm.SymbolTable$Entry]
Note: duplicate definition of library class [org.objectweb.asm.SymbolTable$LabelEntry]
Note: duplicate definition of library class [org.objectweb.asm.SymbolTable]
Note: duplicate definition of library class [org.objectweb.asm.Type]
Note: duplicate definition of library class [org.objectweb.asm.TypePath]
Note: duplicate definition of library class [org.objectweb.asm.TypeReference]
Note: duplicate definition of library class [org.objectweb.asm.signature.SignatureReader]
Note: duplicate definition of library class [org.objectweb.asm.signature.SignatureVisitor]
Note: duplicate definition of library class [org.objectweb.asm.signature.SignatureWriter]
Reading library jar [C:\Users\stanl\.gradle\caches\modules-2\files-2.1\org.spongepowered\mixin\0.8.7\8ab114ac385e6dbdad5efafe28aba4df8120915f\mixin-0.8.7.jar] (filtered)
Note: duplicate definition of library class [org.spongepowered.tools.agent.MixinAgent$Transformer]
Note: duplicate definition of library class [org.spongepowered.tools.agent.MixinAgent]
Note: duplicate definition of library class [org.spongepowered.tools.agent.MixinAgentClassLoader]
Note: duplicate definition of library class [org.spongepowered.tools.obfuscation.AnnotatedMixin]
Note: duplicate definition of library class [org.spongepowered.tools.obfuscation.AnnotatedMixinElementHandler$AliasedElementName]
Note: duplicate definition of library class [org.spongepowered.tools.obfuscation.AnnotatedMixinElementHandler$AnnotatedElement]
Note: duplicate definition of library class [org.spongepowered.tools.obfuscation.AnnotatedMixinElementHandler$AnnotatedElementExecutable$1]
Note: duplicate definition of library class [org.spongepowered.tools.obfuscation.AnnotatedMixinElementHandler$AnnotatedElementExecutable]
Note: duplicate definition of library class [org.spongepowered.tools.obfuscation.AnnotatedMixinElementHandler$ShadowElementName]
Note: duplicate definition of library class [org.spongepowered.tools.obfuscation.AnnotatedMixinElementHandler]
Note: duplicate definition of library class [org.spongepowered.tools.obfuscation.AnnotatedMixinElementHandlerAccessor$1]
Note: duplicate definition of library class [org.spongepowered.tools.obfuscation.AnnotatedMixinElementHandlerAccessor$AnnotatedElementAccessor]
Note: duplicate definition of library class [org.spongepowered.tools.obfuscation.AnnotatedMixinElementHandlerAccessor$AnnotatedElementInvoker]
Note: duplicate definition of library class [org.spongepowered.tools.obfuscation.AnnotatedMixinElementHandlerAccessor]
Note: duplicate definition of library class [org.spongepowered.tools.obfuscation.AnnotatedMixinElementHandlerInjector$AnnotatedElementInjectionPoint]
Note: duplicate definition of library class [org.spongepowered.tools.obfuscation.AnnotatedMixinElementHandlerInjector$AnnotatedElementInjector]
Note: duplicate definition of library class [org.spongepowered.tools.obfuscation.AnnotatedMixinElementHandlerInjector$AnnotatedElementSliceInjectionPoint]
Note: duplicate definition of library class [org.spongepowered.tools.obfuscation.AnnotatedMixinElementHandlerInjector]
Note: duplicate definition of library class [org.spongepowered.tools.obfuscation.AnnotatedMixinElementHandlerOverwrite$AnnotatedElementOverwrite]
Note: duplicate definition of library class [org.spongepowered.tools.obfuscation.AnnotatedMixinElementHandlerOverwrite]
Note: duplicate definition of library class [org.spongepowered.tools.obfuscation.AnnotatedMixinElementHandlerShadow$AnnotatedElementShadow]
Note: duplicate definition of library class [org.spongepowered.tools.obfuscation.AnnotatedMixinElementHandlerShadow$AnnotatedElementShadowField]
Note: duplicate definition of library class [org.spongepowered.tools.obfuscation.AnnotatedMixinElementHandlerShadow$AnnotatedElementShadowMethod]
Note: duplicate definition of library class [org.spongepowered.tools.obfuscation.AnnotatedMixinElementHandlerShadow]
Note: duplicate definition of library class [org.spongepowered.tools.obfuscation.AnnotatedMixinElementHandlerSoftImplements]
Note: duplicate definition of library class [org.spongepowered.tools.obfuscation.AnnotatedMixins]
Note: duplicate definition of library class [org.spongepowered.tools.obfuscation.ext.SpecialPackages]
Note: duplicate definition of library class [org.spongepowered.tools.obfuscation.fg3.ObfuscationEnvironmentFG3]
Note: duplicate definition of library class [org.spongepowered.tools.obfuscation.fg3.ObfuscationServiceFG3]
Note: duplicate definition of library class [org.spongepowered.tools.obfuscation.interfaces.IJavadocProvider]
Note: duplicate definition of library class [org.spongepowered.tools.obfuscation.interfaces.IMessagerEx$MessageType]
Note: duplicate definition of library class [org.spongepowered.tools.obfuscation.interfaces.IMessagerEx]
Note: duplicate definition of library class [org.spongepowered.tools.obfuscation.interfaces.IMessagerSuppressible]
Note: duplicate definition of library class [org.spongepowered.tools.obfuscation.interfaces.IMixinAnnotationProcessor$1]
Note: duplicate definition of library class [org.spongepowered.tools.obfuscation.interfaces.IMixinAnnotationProcessor$CompilerEnvironment$1]
Note: duplicate definition of library class [org.spongepowered.tools.obfuscation.interfaces.IMixinAnnotationProcessor$CompilerEnvironment$2]
Note: duplicate definition of library class [org.spongepowered.tools.obfuscation.interfaces.IMixinAnnotationProcessor$CompilerEnvironment]
Note: duplicate definition of library class [org.spongepowered.tools.obfuscation.interfaces.IMixinAnnotationProcessor]
Note: duplicate definition of library class [org.spongepowered.tools.obfuscation.interfaces.IMixinValidator$ValidationPass]
Note: duplicate definition of library class [org.spongepowered.tools.obfuscation.interfaces.IMixinValidator]
Note: duplicate definition of library class [org.spongepowered.tools.obfuscation.interfaces.IObfuscationDataProvider]
Note: duplicate definition of library class [org.spongepowered.tools.obfuscation.interfaces.IObfuscationEnvironment]
Note: duplicate definition of library class [org.spongepowered.tools.obfuscation.interfaces.IObfuscationManager]
Note: duplicate definition of library class [org.spongepowered.tools.obfuscation.interfaces.IOptionProvider]
Note: duplicate definition of library class [org.spongepowered.tools.obfuscation.interfaces.IReferenceManager]
Note: duplicate definition of library class [org.spongepowered.tools.obfuscation.interfaces.ITypeHandleProvider]
Note: duplicate definition of library class [org.spongepowered.tools.obfuscation.mapping.common.MappingProvider]
Note: duplicate definition of library class [org.spongepowered.tools.obfuscation.mapping.common.MappingWriter]
Note: duplicate definition of library class [org.spongepowered.tools.obfuscation.mapping.fg3.MappingMethodLazy]
Note: duplicate definition of library class [org.spongepowered.tools.obfuscation.mapping.fg3.MappingProviderTSrg]
Note: duplicate definition of library class [org.spongepowered.tools.obfuscation.mapping.fg3.MappingWriterTSrg]
Note: duplicate definition of library class [org.spongepowered.tools.obfuscation.mapping.IMappingConsumer$MappingSet$Pair]
Note: duplicate definition of library class [org.spongepowered.tools.obfuscation.mapping.IMappingConsumer$MappingSet]
Note: duplicate definition of library class [org.spongepowered.tools.obfuscation.mapping.IMappingConsumer]
Note: duplicate definition of library class [org.spongepowered.tools.obfuscation.mapping.IMappingProvider]
Note: duplicate definition of library class [org.spongepowered.tools.obfuscation.mapping.IMappingWriter]
Note: duplicate definition of library class [org.spongepowered.tools.obfuscation.mapping.mcp.MappingProviderSrg$1]
Note: duplicate definition of library class [org.spongepowered.tools.obfuscation.mapping.mcp.MappingProviderSrg]
Note: duplicate definition of library class [org.spongepowered.tools.obfuscation.mapping.mcp.MappingWriterSrg]
Note: duplicate definition of library class [org.spongepowered.tools.obfuscation.Mappings$MappingConflictException]
Note: duplicate definition of library class [org.spongepowered.tools.obfuscation.Mappings$UniqueMappings]
Note: duplicate definition of library class [org.spongepowered.tools.obfuscation.Mappings]
Note: duplicate definition of library class [org.spongepowered.tools.obfuscation.mcp.ObfuscationEnvironmentMCP]
Note: duplicate definition of library class [org.spongepowered.tools.obfuscation.mcp.ObfuscationServiceMCP]
Note: duplicate definition of library class [org.spongepowered.tools.obfuscation.mirror.AnnotationHandle]
Note: duplicate definition of library class [org.spongepowered.tools.obfuscation.mirror.FieldHandle]
Note: duplicate definition of library class [org.spongepowered.tools.obfuscation.mirror.FieldHandleASM]
Note: duplicate definition of library class [org.spongepowered.tools.obfuscation.mirror.mapping.MappingMethodResolvable]
Note: duplicate definition of library class [org.spongepowered.tools.obfuscation.mirror.MemberHandle]
Note: duplicate definition of library class [org.spongepowered.tools.obfuscation.mirror.MethodHandle]
Note: duplicate definition of library class [org.spongepowered.tools.obfuscation.mirror.MethodHandleASM]
Note: duplicate definition of library class [org.spongepowered.tools.obfuscation.mirror.TypeHandle]
Note: duplicate definition of library class [org.spongepowered.tools.obfuscation.mirror.TypeHandleASM]
Note: duplicate definition of library class [org.spongepowered.tools.obfuscation.mirror.TypeHandleSimulated]
Note: duplicate definition of library class [org.spongepowered.tools.obfuscation.mirror.TypeReference]
Note: duplicate definition of library class [org.spongepowered.tools.obfuscation.mirror.TypeUtils$1]
Note: duplicate definition of library class [org.spongepowered.tools.obfuscation.mirror.TypeUtils$Equivalency]
Note: duplicate definition of library class [org.spongepowered.tools.obfuscation.mirror.TypeUtils$EquivalencyResult]
Note: duplicate definition of library class [org.spongepowered.tools.obfuscation.mirror.TypeUtils]
Note: duplicate definition of library class [org.spongepowered.tools.obfuscation.MixinObfuscationProcessor]
Note: duplicate definition of library class [org.spongepowered.tools.obfuscation.MixinObfuscationProcessorInjection]
Note: duplicate definition of library class [org.spongepowered.tools.obfuscation.MixinObfuscationProcessorTargets]
Note: duplicate definition of library class [org.spongepowered.tools.obfuscation.MixinValidator]
Note: duplicate definition of library class [org.spongepowered.tools.obfuscation.ObfuscationData]
Note: duplicate definition of library class [org.spongepowered.tools.obfuscation.ObfuscationDataProvider]
Note: duplicate definition of library class [org.spongepowered.tools.obfuscation.ObfuscationEnvironment$RemapperProxy]
Note: duplicate definition of library class [org.spongepowered.tools.obfuscation.ObfuscationEnvironment]
Note: duplicate definition of library class [org.spongepowered.tools.obfuscation.ObfuscationManager]
Note: duplicate definition of library class [org.spongepowered.tools.obfuscation.ObfuscationType]
Note: duplicate definition of library class [org.spongepowered.tools.obfuscation.ReferenceManager$ReferenceConflictException]
Note: duplicate definition of library class [org.spongepowered.tools.obfuscation.ReferenceManager]
Note: duplicate definition of library class [org.spongepowered.tools.obfuscation.service.IObfuscationService]
Note: duplicate definition of library class [org.spongepowered.tools.obfuscation.service.ObfuscationServices]
Note: duplicate definition of library class [org.spongepowered.tools.obfuscation.service.ObfuscationTypeDescriptor]
Note: duplicate definition of library class [org.spongepowered.tools.obfuscation.struct.InjectorRemap]
Note: duplicate definition of library class [org.spongepowered.tools.obfuscation.struct.Message]
Note: duplicate definition of library class [org.spongepowered.tools.obfuscation.SupportedOptions]
Note: duplicate definition of library class [org.spongepowered.tools.obfuscation.SuppressedBy]
Note: duplicate definition of library class [org.spongepowered.tools.obfuscation.TargetMap]
Note: duplicate definition of library class [org.spongepowered.tools.obfuscation.validation.ParentValidator]
Note: duplicate definition of library class [org.spongepowered.tools.obfuscation.validation.TargetValidator]
Note: duplicate definition of library class [org.spongepowered.asm.bridge.RemapperAdapter]
Note: duplicate definition of library class [org.spongepowered.asm.bridge.RemapperAdapterFML]
Note: duplicate definition of library class [org.spongepowered.asm.mixin.transformer.debug.RuntimeDecompiler$1]
Note: duplicate definition of library class [org.spongepowered.asm.mixin.transformer.debug.RuntimeDecompiler]
Note: duplicate definition of library class [org.spongepowered.asm.mixin.transformer.debug.RuntimeDecompilerAsync]
Note: duplicate definition of library class [org.spongepowered.asm.launch.MixinTweaker]
Note: duplicate definition of library class [org.spongepowered.asm.launch.platform.MixinPlatformAgentFMLLegacy$MixinAppender]
Note: duplicate definition of library class [org.spongepowered.asm.launch.platform.MixinPlatformAgentFMLLegacy]
Note: duplicate definition of library class [org.spongepowered.asm.launch.platform.MixinPlatformAgentLiteLoaderLegacy]
Note: duplicate definition of library class [org.spongepowered.asm.mixin.EnvironmentStateTweaker]
Note: duplicate definition of library class [org.spongepowered.asm.mixin.transformer.Proxy]
Note: duplicate definition of library class [org.spongepowered.asm.service.mojang.Blackboard$Key]
Note: duplicate definition of library class [org.spongepowered.asm.service.mojang.Blackboard]
Note: duplicate definition of library class [org.spongepowered.asm.service.mojang.LaunchClassLoaderUtil]
Note: duplicate definition of library class [org.spongepowered.asm.service.mojang.LegacyTransformerHandle]
Note: duplicate definition of library class [org.spongepowered.asm.service.mojang.LoggerAdapterLog4j2]
Note: duplicate definition of library class [org.spongepowered.asm.service.mojang.MixinServiceLaunchWrapper]
Note: duplicate definition of library class [org.spongepowered.asm.service.mojang.MixinServiceLaunchWrapperBootstrap]
Note: duplicate definition of library class [org.spongepowered.asm.lib.AnnotationVisitor]
Note: duplicate definition of library class [org.spongepowered.asm.lib.Attribute]
Note: duplicate definition of library class [org.spongepowered.asm.lib.ClassVisitor]
Note: duplicate definition of library class [org.spongepowered.asm.lib.FieldVisitor]
Note: duplicate definition of library class [org.spongepowered.asm.lib.MethodVisitor]
Note: duplicate definition of library class [org.spongepowered.asm.lib.tree.ClassNode]
Note: duplicate definition of library class [org.spongepowered.asm.lib.TypePath]
Note: duplicate definition of library class [org.spongepowered.asm.mixin.throwables.CompanionPluginError]
Note: duplicate definition of library class [org.spongepowered.asm.launch.GlobalProperties$Keys]
Note: duplicate definition of library class [org.spongepowered.asm.launch.GlobalProperties]
Note: duplicate definition of library class [org.spongepowered.asm.launch.MixinBootstrap]
Note: duplicate definition of library class [org.spongepowered.asm.launch.MixinInitialisationError]
Note: duplicate definition of library class [org.spongepowered.asm.launch.platform.CommandLineOptions]
Note: duplicate definition of library class [org.spongepowered.asm.launch.platform.container.ContainerHandleURI]
Note: duplicate definition of library class [org.spongepowered.asm.launch.platform.container.ContainerHandleVirtual]
Note: duplicate definition of library class [org.spongepowered.asm.launch.platform.container.IContainerHandle]
Note: duplicate definition of library class [org.spongepowered.asm.launch.platform.IMixinPlatformAgent$AcceptResult]
Note: duplicate definition of library class [org.spongepowered.asm.launch.platform.IMixinPlatformAgent]
Note: duplicate definition of library class [org.spongepowered.asm.launch.platform.IMixinPlatformServiceAgent]
Note: duplicate definition of library class [org.spongepowered.asm.launch.platform.MainAttributes]
Note: duplicate definition of library class [org.spongepowered.asm.launch.platform.MixinConnectorManager]
Note: duplicate definition of library class [org.spongepowered.asm.launch.platform.MixinContainer]
Note: duplicate definition of library class [org.spongepowered.asm.launch.platform.MixinPlatformAgentAbstract]
Note: duplicate definition of library class [org.spongepowered.asm.launch.platform.MixinPlatformAgentDefault]
Note: duplicate definition of library class [org.spongepowered.asm.launch.platform.MixinPlatformManager]
Note: duplicate definition of library class [org.spongepowered.asm.logging.ILogger]
Note: duplicate definition of library class [org.spongepowered.asm.logging.Level]
Note: duplicate definition of library class [org.spongepowered.asm.logging.LoggerAdapterAbstract$FormattedMessage]
Note: duplicate definition of library class [org.spongepowered.asm.logging.LoggerAdapterAbstract]
Note: duplicate definition of library class [org.spongepowered.asm.logging.LoggerAdapterConsole]
Note: duplicate definition of library class [org.spongepowered.asm.logging.LoggerAdapterDefault]
Note: duplicate definition of library class [org.spongepowered.asm.logging.LoggerAdapterJava]
Note: duplicate definition of library class [org.spongepowered.asm.mixin.connect.IMixinConnector]
Note: duplicate definition of library class [org.spongepowered.asm.mixin.Debug]
Note: duplicate definition of library class [org.spongepowered.asm.mixin.Dynamic]
Note: duplicate definition of library class [org.spongepowered.asm.mixin.extensibility.IActivityContext$IActivity]
Note: duplicate definition of library class [org.spongepowered.asm.mixin.extensibility.IActivityContext]
Note: duplicate definition of library class [org.spongepowered.asm.mixin.extensibility.IEnvironmentTokenProvider]
Note: duplicate definition of library class [org.spongepowered.asm.mixin.extensibility.IMixinConfig]
Note: duplicate definition of library class [org.spongepowered.asm.mixin.extensibility.IMixinConfigPlugin]
Note: duplicate definition of library class [org.spongepowered.asm.mixin.extensibility.IMixinConfigSource]
Note: duplicate definition of library class [org.spongepowered.asm.mixin.extensibility.IMixinErrorHandler$ErrorAction]
Note: duplicate definition of library class [org.spongepowered.asm.mixin.extensibility.IMixinErrorHandler]
Note: duplicate definition of library class [org.spongepowered.asm.mixin.extensibility.IMixinInfo]
Note: duplicate definition of library class [org.spongepowered.asm.mixin.extensibility.IRemapper]
Note: duplicate definition of library class [org.spongepowered.asm.mixin.Final]
Note: duplicate definition of library class [org.spongepowered.asm.mixin.gen.Accessor]
Note: duplicate definition of library class [org.spongepowered.asm.mixin.gen.AccessorGenerator]
Note: duplicate definition of library class [org.spongepowered.asm.mixin.gen.AccessorGeneratorField]
Note: duplicate definition of library class [org.spongepowered.asm.mixin.gen.AccessorGeneratorFieldGetter]
Note: duplicate definition of library class [org.spongepowered.asm.mixin.gen.AccessorGeneratorFieldSetter]
Note: duplicate definition of library class [org.spongepowered.asm.mixin.gen.AccessorGeneratorMethodProxy]
Note: duplicate definition of library class [org.spongepowered.asm.mixin.gen.AccessorGeneratorObjectFactory]
Note: duplicate definition of library class [org.spongepowered.asm.mixin.gen.AccessorInfo$1]
Note: duplicate definition of library class [org.spongepowered.asm.mixin.gen.AccessorInfo$AccessorName]
Note: duplicate definition of library class [org.spongepowered.asm.mixin.gen.AccessorInfo$AccessorType$1]
Note: duplicate definition of library class [org.spongepowered.asm.mixin.gen.AccessorInfo$AccessorType$2]
Note: duplicate definition of library class [org.spongepowered.asm.mixin.gen.AccessorInfo$AccessorType$3]
Note: duplicate definition of library class [org.spongepowered.asm.mixin.gen.AccessorInfo$AccessorType$4]
Note: duplicate definition of library class [org.spongepowered.asm.mixin.gen.AccessorInfo$AccessorType]
Note: duplicate definition of library class [org.spongepowered.asm.mixin.gen.AccessorInfo]
Note: duplicate definition of library class [org.spongepowered.asm.mixin.gen.Invoker]
Note: duplicate definition of library class [org.spongepowered.asm.mixin.gen.InvokerInfo]
Note: duplicate definition of library class [org.spongepowered.asm.mixin.gen.throwables.InvalidAccessorException]
Note: duplicate definition of library class [org.spongepowered.asm.mixin.Implements]
Note: duplicate definition of library class [org.spongepowered.asm.mixin.injection.At$Shift]
Note: duplicate definition of library class [org.spongepowered.asm.mixin.injection.At]
Note: duplicate definition of library class [org.spongepowered.asm.mixin.injection.callback.CallbackInfo]
Note: duplicate definition of library class [org.spongepowered.asm.mixin.injection.callback.CallbackInfoReturnable]
Note: duplicate definition of library class [org.spongepowered.asm.mixin.injection.callback.CallbackInjector$1]
Note: duplicate definition of library class [org.spongepowered.asm.mixin.injection.callback.CallbackInjector$Callback]
Note: duplicate definition of library class [org.spongepowered.asm.mixin.injection.callback.CallbackInjector]
Note: duplicate definition of library class [org.spongepowered.asm.mixin.injection.callback.Cancellable]
Note: duplicate definition of library class [org.spongepowered.asm.mixin.injection.callback.CancellationException]
Note: duplicate definition of library class [org.spongepowered.asm.mixin.injection.callback.LocalCapture]
Note: duplicate definition of library class [org.spongepowered.asm.mixin.injection.code.IInsnListEx$SpecialNodeType]
Note: duplicate definition of library class [org.spongepowered.asm.mixin.injection.code.IInsnListEx]
Note: duplicate definition of library class [org.spongepowered.asm.mixin.injection.code.Injector$InjectorData]
Note: duplicate definition of library class [org.spongepowered.asm.mixin.injection.code.Injector$TargetNode]
Note: duplicate definition of library class [org.spongepowered.asm.mixin.injection.code.Injector]
Note: duplicate definition of library class [org.spongepowered.asm.mixin.injection.code.InjectorTarget]
Note: duplicate definition of library class [org.spongepowered.asm.mixin.injection.code.InsnListEx$1]
Note: duplicate definition of library class [org.spongepowered.asm.mixin.injection.code.InsnListEx]
Note: duplicate definition of library class [org.spongepowered.asm.mixin.injection.code.InsnListReadOnly]
Note: duplicate definition of library class [org.spongepowered.asm.mixin.injection.code.ISliceContext]
Note: duplicate definition of library class [org.spongepowered.asm.mixin.injection.code.MethodSlice$InsnListSlice$SliceIterator]
Note: duplicate definition of library class [org.spongepowered.asm.mixin.injection.code.MethodSlice$InsnListSlice]
Note: duplicate definition of library class [org.spongepowered.asm.mixin.injection.code.MethodSlice]
Note: duplicate definition of library class [org.spongepowered.asm.mixin.injection.code.MethodSlices]
Note: duplicate definition of library class [org.spongepowered.asm.mixin.injection.Coerce]
Note: duplicate definition of library class [org.spongepowered.asm.mixin.injection.Constant$Condition]
Note: duplicate definition of library class [org.spongepowered.asm.mixin.injection.Constant]
Note: duplicate definition of library class [org.spongepowered.asm.mixin.injection.Desc]
Note: duplicate definition of library class [org.spongepowered.asm.mixin.injection.Descriptors]
Note: duplicate definition of library class [org.spongepowered.asm.mixin.injection.Group]
Note: duplicate definition of library class [org.spongepowered.asm.mixin.injection.IInjectionPointContext]
Note: duplicate definition of library class [org.spongepowered.asm.mixin.injection.Inject]
Note: duplicate definition of library class [org.spongepowered.asm.mixin.injection.InjectionPoint$AtCode]
Note: duplicate definition of library class [org.spongepowered.asm.mixin.injection.InjectionPoint$CompositeInjectionPoint]
Note: duplicate definition of library class [org.spongepowered.asm.mixin.injection.InjectionPoint$Flags]
Note: duplicate definition of library class [org.spongepowered.asm.mixin.injection.InjectionPoint$Intersection]
Note: duplicate definition of library class [org.spongepowered.asm.mixin.injection.InjectionPoint$RestrictTargetLevel]
Note: duplicate definition of library class [org.spongepowered.asm.mixin.injection.InjectionPoint$Shift]
Note: duplicate definition of library class [org.spongepowered.asm.mixin.injection.InjectionPoint$ShiftByViolationBehaviour]
Note: duplicate definition of library class [org.spongepowered.asm.mixin.injection.InjectionPoint$Specifier]
Note: duplicate definition of library class [org.spongepowered.asm.mixin.injection.InjectionPoint$Union]
Note: duplicate definition of library class [org.spongepowered.asm.mixin.injection.InjectionPoint]
Note: duplicate definition of library class [org.spongepowered.asm.mixin.injection.invoke.arg.Args]
Note: duplicate definition of library class [org.spongepowered.asm.mixin.injection.invoke.arg.ArgsClassGenerator$ArgsClassInfo]
Note: duplicate definition of library class [org.spongepowered.asm.mixin.injection.invoke.arg.ArgsClassGenerator]
Note: duplicate definition of library class [org.spongepowered.asm.mixin.injection.invoke.arg.ArgumentCountException]
Note: duplicate definition of library class [org.spongepowered.asm.mixin.injection.invoke.arg.ArgumentIndexOutOfBoundsException]
Note: duplicate definition of library class [org.spongepowered.asm.mixin.injection.invoke.InvokeInjector]
Note: duplicate definition of library class [org.spongepowered.asm.mixin.injection.invoke.ModifyArgInjector]
Note: duplicate definition of library class [org.spongepowered.asm.mixin.injection.invoke.ModifyArgsInjector]
Note: duplicate definition of library class [org.spongepowered.asm.mixin.injection.invoke.ModifyConstantInjector]
Note: duplicate definition of library class [org.spongepowered.asm.mixin.injection.invoke.RedirectInjector$ConstructorRedirectData]
Note: duplicate definition of library class [org.spongepowered.asm.mixin.injection.invoke.RedirectInjector$Meta]
Note: duplicate definition of library class [org.spongepowered.asm.mixin.injection.invoke.RedirectInjector$RedirectedFieldData]
Note: duplicate definition of library class [org.spongepowered.asm.mixin.injection.invoke.RedirectInjector$RedirectedInvokeData]
Note: duplicate definition of library class [org.spongepowered.asm.mixin.injection.invoke.RedirectInjector]
Note: duplicate definition of library class [org.spongepowered.asm.mixin.injection.invoke.util.InsnFinder$AnalysisResultException]
Note: duplicate definition of library class [org.spongepowered.asm.mixin.injection.invoke.util.InsnFinder$AnalyzerState]
Note: duplicate definition of library class [org.spongepowered.asm.mixin.injection.invoke.util.InsnFinder$PopAnalyzer$PopFrame]
Note: duplicate definition of library class [org.spongepowered.asm.mixin.injection.invoke.util.InsnFinder$PopAnalyzer]
Note: duplicate definition of library class [org.spongepowered.asm.mixin.injection.invoke.util.InsnFinder]
Note: duplicate definition of library class [org.spongepowered.asm.mixin.injection.modify.AfterStoreLocal]
Note: duplicate definition of library class [org.spongepowered.asm.mixin.injection.modify.BeforeLoadLocal$SearchState]
Note: duplicate definition of library class [org.spongepowered.asm.mixin.injection.modify.BeforeLoadLocal]
Note: duplicate definition of library class [org.spongepowered.asm.mixin.injection.modify.InvalidImplicitDiscriminatorException]
Note: duplicate definition of library class [org.spongepowered.asm.mixin.injection.modify.LocalVariableDiscriminator$Context$Local]
Note: duplicate definition of library class [org.spongepowered.asm.mixin.injection.modify.LocalVariableDiscriminator$Context]
Note: duplicate definition of library class [org.spongepowered.asm.mixin.injection.modify.LocalVariableDiscriminator]
Note: duplicate definition of library class [org.spongepowered.asm.mixin.injection.modify.ModifyVariableInjector$Context]
Note: duplicate definition of library class [org.spongepowered.asm.mixin.injection.modify.ModifyVariableInjector$LocalVariableInjectionPoint]
Note: duplicate definition of library class [org.spongepowered.asm.mixin.injection.modify.ModifyVariableInjector]
Note: duplicate definition of library class [org.spongepowered.asm.mixin.injection.ModifyArg]
Note: duplicate definition of library class [org.spongepowered.asm.mixin.injection.ModifyArgs]
Note: duplicate definition of library class [org.spongepowered.asm.mixin.injection.ModifyConstant]
Note: duplicate definition of library class [org.spongepowered.asm.mixin.injection.ModifyVariable]
Note: duplicate definition of library class [org.spongepowered.asm.mixin.injection.Next]
Note: duplicate definition of library class [org.spongepowered.asm.mixin.injection.points.AfterInvoke]
Note: duplicate definition of library class [org.spongepowered.asm.mixin.injection.points.BeforeConstant]
Note: duplicate definition of library class [org.spongepowered.asm.mixin.injection.points.BeforeFieldAccess]
Note: duplicate definition of library class [org.spongepowered.asm.mixin.injection.points.BeforeFinalReturn]
Note: duplicate definition of library class [org.spongepowered.asm.mixin.injection.points.BeforeInvoke$SearchType]
Note: duplicate definition of library class [org.spongepowered.asm.mixin.injection.points.BeforeInvoke]
Note: duplicate definition of library class [org.spongepowered.asm.mixin.injection.points.BeforeNew]
Note: duplicate definition of library class [org.spongepowered.asm.mixin.injection.points.BeforeReturn]
Note: duplicate definition of library class [org.spongepowered.asm.mixin.injection.points.BeforeStringInvoke]
Note: duplicate definition of library class [org.spongepowered.asm.mixin.injection.points.ConstructorHead$Enforce]
Note: duplicate definition of library class [org.spongepowered.asm.mixin.injection.points.ConstructorHead]
Note: duplicate definition of library class [org.spongepowered.asm.mixin.injection.points.JumpInsnPoint]
Note: duplicate definition of library class [org.spongepowered.asm.mixin.injection.points.MethodHead]
Note: duplicate definition of library class [org.spongepowered.asm.mixin.injection.Redirect]
Note: duplicate definition of library class [org.spongepowered.asm.mixin.injection.selectors.dynamic.DescriptorResolver$Descriptor]
Note: duplicate definition of library class [org.spongepowered.asm.mixin.injection.selectors.dynamic.DescriptorResolver$IResolverObserver]
Note: duplicate definition of library class [org.spongepowered.asm.mixin.injection.selectors.dynamic.DescriptorResolver$ResolverObserverBasic]
Note: duplicate definition of library class [org.spongepowered.asm.mixin.injection.selectors.dynamic.DescriptorResolver$ResolverObserverDebug]
Note: duplicate definition of library class [org.spongepowered.asm.mixin.injection.selectors.dynamic.DescriptorResolver]
Note: duplicate definition of library class [org.spongepowered.asm.mixin.injection.selectors.dynamic.DynamicSelectorDesc$1]
Note: duplicate definition of library class [org.spongepowered.asm.mixin.injection.selectors.dynamic.DynamicSelectorDesc$Next]
Note: duplicate definition of library class [org.spongepowered.asm.mixin.injection.selectors.dynamic.DynamicSelectorDesc]
Note: duplicate definition of library class [org.spongepowered.asm.mixin.injection.selectors.dynamic.IResolvedDescriptor]
Note: duplicate definition of library class [org.spongepowered.asm.mixin.injection.selectors.ElementNode$ElementNodeField]
Note: duplicate definition of library class [org.spongepowered.asm.mixin.injection.selectors.ElementNode$ElementNodeFieldInsn]
Note: duplicate definition of library class [org.spongepowered.asm.mixin.injection.selectors.ElementNode$ElementNodeInvokeDynamicInsn]
Note: duplicate definition of library class [org.spongepowered.asm.mixin.injection.selectors.ElementNode$ElementNodeIterable]
Note: duplicate definition of library class [org.spongepowered.asm.mixin.injection.selectors.ElementNode$ElementNodeIterator]
Note: duplicate definition of library class [org.spongepowered.asm.mixin.injection.selectors.ElementNode$ElementNodeMethod]
Note: duplicate definition of library class [org.spongepowered.asm.mixin.injection.selectors.ElementNode$ElementNodeMethodInsn]
Note: duplicate definition of library class [org.spongepowered.asm.mixin.injection.selectors.ElementNode$NodeType]
Note: duplicate definition of library class [org.spongepowered.asm.mixin.injection.selectors.ElementNode]
Note: duplicate definition of library class [org.spongepowered.asm.mixin.injection.selectors.InvalidSelector]
Note: duplicate definition of library class [org.spongepowered.asm.mixin.injection.selectors.InvalidSelectorException]
Note: duplicate definition of library class [org.spongepowered.asm.mixin.injection.selectors.ISelectorContext]
Note: duplicate definition of library class [org.spongepowered.asm.mixin.injection.selectors.ITargetSelector$Configure]
Note: duplicate definition of library class [org.spongepowered.asm.mixin.injection.selectors.ITargetSelector]
Note: duplicate definition of library class [org.spongepowered.asm.mixin.injection.selectors.ITargetSelectorByName]
Note: duplicate definition of library class [org.spongepowered.asm.mixin.injection.selectors.ITargetSelectorConstructor]
Note: duplicate definition of library class [org.spongepowered.asm.mixin.injection.selectors.ITargetSelectorDynamic$SelectorAnnotation]
Note: duplicate definition of library class [org.spongepowered.asm.mixin.injection.selectors.ITargetSelectorDynamic$SelectorId]
Note: duplicate definition of library class [org.spongepowered.asm.mixin.injection.selectors.ITargetSelectorDynamic]
Note: duplicate definition of library class [org.spongepowered.asm.mixin.injection.selectors.ITargetSelectorRemappable]
Note: duplicate definition of library class [org.spongepowered.asm.mixin.injection.selectors.MatchResult]
Note: duplicate definition of library class [org.spongepowered.asm.mixin.injection.selectors.MemberMatcher]
Note: duplicate definition of library class [org.spongepowered.asm.mixin.injection.selectors.TargetSelector$DynamicSelectorEntry]
Note: duplicate definition of library class [org.spongepowered.asm.mixin.injection.selectors.TargetSelector$Result]
Note: duplicate definition of library class [org.spongepowered.asm.mixin.injection.selectors.TargetSelector]
Note: duplicate definition of library class [org.spongepowered.asm.mixin.injection.selectors.TargetSelectors$SelectedMethod]
Note: duplicate definition of library class [org.spongepowered.asm.mixin.injection.selectors.TargetSelectors]
Note: duplicate definition of library class [org.spongepowered.asm.mixin.injection.selectors.throwables.SelectorConstraintException]
Note: duplicate definition of library class [org.spongepowered.asm.mixin.injection.selectors.throwables.SelectorException]
Note: duplicate definition of library class [org.spongepowered.asm.mixin.injection.Slice]
Note: duplicate definition of library class [org.spongepowered.asm.mixin.injection.struct.ArgOffsets$Default]
Note: duplicate definition of library class [org.spongepowered.asm.mixin.injection.struct.ArgOffsets]
Note: duplicate definition of library class [org.spongepowered.asm.mixin.injection.struct.CallbackInjectionInfo]
Note: duplicate definition of library class [org.spongepowered.asm.mixin.injection.struct.Constructor]
Note: duplicate definition of library class [org.spongepowered.asm.mixin.injection.struct.IChainedDecoration]
Note: duplicate definition of library class [org.spongepowered.asm.mixin.injection.struct.InjectionInfo$AnnotationType]
Note: duplicate definition of library class [org.spongepowered.asm.mixin.injection.struct.InjectionInfo$HandlerPrefix]
Note: duplicate definition of library class [org.spongepowered.asm.mixin.injection.struct.InjectionInfo$InjectorEntry]
Note: duplicate definition of library class [org.spongepowered.asm.mixin.injection.struct.InjectionInfo$InjectorOrder]
Note: duplicate definition of library class [org.spongepowered.asm.mixin.injection.struct.InjectionInfo]
Note: duplicate definition of library class [org.spongepowered.asm.mixin.injection.struct.InjectionNodes$InjectionNode]
Note: duplicate definition of library class [org.spongepowered.asm.mixin.injection.struct.InjectionNodes]
Note: duplicate definition of library class [org.spongepowered.asm.mixin.injection.struct.InjectionPointAnnotationContext]
Note: duplicate definition of library class [org.spongepowered.asm.mixin.injection.struct.InjectionPointData]
Note: duplicate definition of library class [org.spongepowered.asm.mixin.injection.struct.InjectorGroupInfo$Map]
Note: duplicate definition of library class [org.spongepowered.asm.mixin.injection.struct.InjectorGroupInfo]
Note: duplicate definition of library class [org.spongepowered.asm.mixin.injection.struct.InvalidMemberDescriptorException]
Note: duplicate definition of library class [org.spongepowered.asm.mixin.injection.struct.MemberInfo$1]
Note: duplicate definition of library class [org.spongepowered.asm.mixin.injection.struct.MemberInfo]
Note: duplicate definition of library class [org.spongepowered.asm.mixin.injection.struct.ModifyArgInjectionInfo]
Note: duplicate definition of library class [org.spongepowered.asm.mixin.injection.struct.ModifyArgsInjectionInfo]
Note: duplicate definition of library class [org.spongepowered.asm.mixin.injection.struct.ModifyConstantInjectionInfo]
Note: duplicate definition of library class [org.spongepowered.asm.mixin.injection.struct.ModifyVariableInjectionInfo]
Note: duplicate definition of library class [org.spongepowered.asm.mixin.injection.struct.RedirectInjectionInfo]
Note: duplicate definition of library class [org.spongepowered.asm.mixin.injection.struct.SelectorAnnotationContext]
Note: duplicate definition of library class [org.spongepowered.asm.mixin.injection.struct.Target$Extension]
Note: duplicate definition of library class [org.spongepowered.asm.mixin.injection.struct.Target]
Note: duplicate definition of library class [org.spongepowered.asm.mixin.injection.struct.TargetNotSupportedException]
Note: duplicate definition of library class [org.spongepowered.asm.mixin.injection.Surrogate]
Note: duplicate definition of library class [org.spongepowered.asm.mixin.injection.throwables.InjectionError]
Note: duplicate definition of library class [org.spongepowered.asm.mixin.injection.throwables.InjectionValidationException]
Note: duplicate definition of library class [org.spongepowered.asm.mixin.injection.throwables.InvalidInjectionException]
Note: duplicate definition of library class [org.spongepowered.asm.mixin.injection.throwables.InvalidInjectionPointException]
Note: duplicate definition of library class [org.spongepowered.asm.mixin.injection.throwables.InvalidSliceException]
Note: duplicate definition of library class [org.spongepowered.asm.mixin.Interface$Remap]
Note: duplicate definition of library class [org.spongepowered.asm.mixin.Interface]
Note: duplicate definition of library class [org.spongepowered.asm.mixin.Intrinsic]
Note: duplicate definition of library class [org.spongepowered.asm.mixin.Mixin]
Note: duplicate definition of library class [org.spongepowered.asm.mixin.MixinEnvironment$1]
Note: duplicate definition of library class [org.spongepowered.asm.mixin.MixinEnvironment$CompatibilityLevel$1]
Note: duplicate definition of library class [org.spongepowered.asm.mixin.MixinEnvironment$CompatibilityLevel$10]
Note: duplicate definition of library class [org.spongepowered.asm.mixin.MixinEnvironment$CompatibilityLevel$11]
Note: duplicate definition of library class [org.spongepowered.asm.mixin.MixinEnvironment$CompatibilityLevel$12]
Note: duplicate definition of library class [org.spongepowered.asm.mixin.MixinEnvironment$CompatibilityLevel$13]
Note: duplicate definition of library class [org.spongepowered.asm.mixin.MixinEnvironment$CompatibilityLevel$14]
Note: duplicate definition of library class [org.spongepowered.asm.mixin.MixinEnvironment$CompatibilityLevel$15]
Note: duplicate definition of library class [org.spongepowered.asm.mixin.MixinEnvironment$CompatibilityLevel$2]
Note: duplicate definition of library class [org.spongepowered.asm.mixin.MixinEnvironment$CompatibilityLevel$3]
Note: duplicate definition of library class [org.spongepowered.asm.mixin.MixinEnvironment$CompatibilityLevel$4]
Note: duplicate definition of library class [org.spongepowered.asm.mixin.MixinEnvironment$CompatibilityLevel$5]
Note: duplicate definition of library class [org.spongepowered.asm.mixin.MixinEnvironment$CompatibilityLevel$6]
Note: duplicate definition of library class [org.spongepowered.asm.mixin.MixinEnvironment$CompatibilityLevel$7]
Note: duplicate definition of library class [org.spongepowered.asm.mixin.MixinEnvironment$CompatibilityLevel$8]
Note: duplicate definition of library class [org.spongepowered.asm.mixin.MixinEnvironment$CompatibilityLevel$9]
Note: duplicate definition of library class [org.spongepowered.asm.mixin.MixinEnvironment$CompatibilityLevel]
Note: duplicate definition of library class [org.spongepowered.asm.mixin.MixinEnvironment$Feature$1]
Note: duplicate definition of library class [org.spongepowered.asm.mixin.MixinEnvironment$Feature]
Note: duplicate definition of library class [org.spongepowered.asm.mixin.MixinEnvironment$Option$Inherit]
Note: duplicate definition of library class [org.spongepowered.asm.mixin.MixinEnvironment$Option]
Note: duplicate definition of library class [org.spongepowered.asm.mixin.MixinEnvironment$Phase]
Note: duplicate definition of library class [org.spongepowered.asm.mixin.MixinEnvironment$PhaseConsumer]
Note: duplicate definition of library class [org.spongepowered.asm.mixin.MixinEnvironment$Side$1]
Note: duplicate definition of library class [org.spongepowered.asm.mixin.MixinEnvironment$Side$2]
Note: duplicate definition of library class [org.spongepowered.asm.mixin.MixinEnvironment$Side$3]
Note: duplicate definition of library class [org.spongepowered.asm.mixin.MixinEnvironment$Side]
Note: duplicate definition of library class [org.spongepowered.asm.mixin.MixinEnvironment$TokenProviderWrapper]
Note: duplicate definition of library class [org.spongepowered.asm.mixin.MixinEnvironment]
Note: duplicate definition of library class [org.spongepowered.asm.mixin.Mixins]
Note: duplicate definition of library class [org.spongepowered.asm.mixin.Mutable]
Note: duplicate definition of library class [org.spongepowered.asm.mixin.Overwrite]
Note: duplicate definition of library class [org.spongepowered.asm.mixin.Pseudo]
Note: duplicate definition of library class [org.spongepowered.asm.mixin.refmap.IMixinContext]
Note: duplicate definition of library class [org.spongepowered.asm.mixin.refmap.IReferenceMapper]
Note: duplicate definition of library class [org.spongepowered.asm.mixin.refmap.ReferenceMapper]
Note: duplicate definition of library class [org.spongepowered.asm.mixin.refmap.RemappingReferenceMapper]
Note: duplicate definition of library class [org.spongepowered.asm.mixin.Shadow]
Note: duplicate definition of library class [org.spongepowered.asm.mixin.SoftOverride]
Note: duplicate definition of library class [org.spongepowered.asm.mixin.struct.AnnotatedMethodInfo]
Note: duplicate definition of library class [org.spongepowered.asm.mixin.struct.MemberRef$Field]
Note: duplicate definition of library class [org.spongepowered.asm.mixin.struct.MemberRef$Handle]
Note: duplicate definition of library class [org.spongepowered.asm.mixin.struct.MemberRef$Method]
Note: duplicate definition of library class [org.spongepowered.asm.mixin.struct.MemberRef]
Note: duplicate definition of library class [org.spongepowered.asm.mixin.struct.SourceMap$File]
Note: duplicate definition of library class [org.spongepowered.asm.mixin.struct.SourceMap$Stratum]
Note: duplicate definition of library class [org.spongepowered.asm.mixin.struct.SourceMap]
Note: duplicate definition of library class [org.spongepowered.asm.mixin.struct.SpecialMethodInfo]
Note: duplicate definition of library class [org.spongepowered.asm.mixin.throwables.ClassAlreadyLoadedException]
Note: duplicate definition of library class [org.spongepowered.asm.mixin.throwables.ClassMetadataNotFoundException]
Note: duplicate definition of library class [org.spongepowered.asm.mixin.throwables.MixinApplyError]
Note: duplicate definition of library class [org.spongepowered.asm.mixin.throwables.MixinError]
Note: duplicate definition of library class [org.spongepowered.asm.mixin.throwables.MixinException]
Note: duplicate definition of library class [org.spongepowered.asm.mixin.throwables.MixinPrepareError]
Note: duplicate definition of library class [org.spongepowered.asm.mixin.transformer.ActivityStack$Activity]
Note: duplicate definition of library class [org.spongepowered.asm.mixin.transformer.ActivityStack]
Note: duplicate definition of library class [org.spongepowered.asm.mixin.transformer.ClassContext]
Note: duplicate definition of library class [org.spongepowered.asm.mixin.transformer.ClassInfo$Field]
Note: duplicate definition of library class [org.spongepowered.asm.mixin.transformer.ClassInfo$FrameData]
Note: duplicate definition of library class [org.spongepowered.asm.mixin.transformer.ClassInfo$InterfaceMethod]
Note: duplicate definition of library class [org.spongepowered.asm.mixin.transformer.ClassInfo$Member$Type]
Note: duplicate definition of library class [org.spongepowered.asm.mixin.transformer.ClassInfo$Member]
Note: duplicate definition of library class [org.spongepowered.asm.mixin.transformer.ClassInfo$Method]
Note: duplicate definition of library class [org.spongepowered.asm.mixin.transformer.ClassInfo$SearchType]
Note: duplicate definition of library class [org.spongepowered.asm.mixin.transformer.ClassInfo$Traversal]
Note: duplicate definition of library class [org.spongepowered.asm.mixin.transformer.ClassInfo$TypeLookup]
Note: duplicate definition of library class [org.spongepowered.asm.mixin.transformer.ClassInfo]
Note: duplicate definition of library class [org.spongepowered.asm.mixin.transformer.Config]
Note: duplicate definition of library class [org.spongepowered.asm.mixin.transformer.DefaultExtensions$1]
Note: duplicate definition of library class [org.spongepowered.asm.mixin.transformer.DefaultExtensions]
Note: duplicate definition of library class [org.spongepowered.asm.mixin.transformer.ext.extensions.ExtensionCheckClass$ValidationFailedException]
Note: duplicate definition of library class [org.spongepowered.asm.mixin.transformer.ext.extensions.ExtensionCheckClass]
Note: duplicate definition of library class [org.spongepowered.asm.mixin.transformer.ext.extensions.ExtensionCheckInterfaces]
Note: duplicate definition of library class [org.spongepowered.asm.mixin.transformer.ext.extensions.ExtensionClassExporter]
Note: duplicate definition of library class [org.spongepowered.asm.mixin.transformer.ext.Extensions]
Note: duplicate definition of library class [org.spongepowered.asm.mixin.transformer.ext.IClassGenerator]
Note: duplicate definition of library class [org.spongepowered.asm.mixin.transformer.ext.IDecompiler]
Note: duplicate definition of library class [org.spongepowered.asm.mixin.transformer.ext.IExtension]
Note: duplicate definition of library class [org.spongepowered.asm.mixin.transformer.ext.IExtensionRegistry]
Note: duplicate definition of library class [org.spongepowered.asm.mixin.transformer.ext.IHotSwap]
Note: duplicate definition of library class [org.spongepowered.asm.mixin.transformer.ext.ITargetClassContext]
Note: duplicate definition of library class [org.spongepowered.asm.mixin.transformer.IMixinTransformer]
Note: duplicate definition of library class [org.spongepowered.asm.mixin.transformer.IMixinTransformerFactory]
Note: duplicate definition of library class [org.spongepowered.asm.mixin.transformer.InnerClassGenerator$InnerClassAdapter]
Note: duplicate definition of library class [org.spongepowered.asm.mixin.transformer.InnerClassGenerator$InnerClassInfo]
Note: duplicate definition of library class [org.spongepowered.asm.mixin.transformer.InnerClassGenerator]
Note: duplicate definition of library class [org.spongepowered.asm.mixin.transformer.InterfaceInfo]
Note: duplicate definition of library class [org.spongepowered.asm.mixin.transformer.meta.MixinInner]
Note: duplicate definition of library class [org.spongepowered.asm.mixin.transformer.meta.MixinMerged]
Note: duplicate definition of library class [org.spongepowered.asm.mixin.transformer.meta.MixinProxy]
Note: duplicate definition of library class [org.spongepowered.asm.mixin.transformer.meta.MixinRenamed]
Note: duplicate definition of library class [org.spongepowered.asm.mixin.transformer.MethodMapper]
Note: duplicate definition of library class [org.spongepowered.asm.mixin.transformer.MixinApplicatorInterface]
Note: duplicate definition of library class [org.spongepowered.asm.mixin.transformer.MixinApplicatorStandard$ApplicatorPass]
Note: duplicate definition of library class [org.spongepowered.asm.mixin.transformer.MixinApplicatorStandard]
Note: duplicate definition of library class [org.spongepowered.asm.mixin.transformer.MixinClassGenerator]
Note: duplicate definition of library class [org.spongepowered.asm.mixin.transformer.MixinConfig$1]
Note: duplicate definition of library class [org.spongepowered.asm.mixin.transformer.MixinConfig$IListener]
Note: duplicate definition of library class [org.spongepowered.asm.mixin.transformer.MixinConfig$InjectorOptions]
Note: duplicate definition of library class [org.spongepowered.asm.mixin.transformer.MixinConfig$OverwriteOptions]
Note: duplicate definition of library class [org.spongepowered.asm.mixin.transformer.MixinConfig]
Note: duplicate definition of library class [org.spongepowered.asm.mixin.transformer.MixinCoprocessor$ProcessResult]
Note: duplicate definition of library class [org.spongepowered.asm.mixin.transformer.MixinCoprocessor]
Note: duplicate definition of library class [org.spongepowered.asm.mixin.transformer.MixinCoprocessorAccessor]
Note: duplicate definition of library class [org.spongepowered.asm.mixin.transformer.MixinCoprocessorNestHost]
Note: duplicate definition of library class [org.spongepowered.asm.mixin.transformer.MixinCoprocessorPassthrough]
Note: duplicate definition of library class [org.spongepowered.asm.mixin.transformer.MixinCoprocessors]
Note: duplicate definition of library class [org.spongepowered.asm.mixin.transformer.MixinCoprocessorSyntheticInner]
Note: duplicate definition of library class [org.spongepowered.asm.mixin.transformer.MixinInfo$DeclaredTarget]
Note: duplicate definition of library class [org.spongepowered.asm.mixin.transformer.MixinInfo$MixinClassNode]
Note: duplicate definition of library class [org.spongepowered.asm.mixin.transformer.MixinInfo$MixinMethodNode]
Note: duplicate definition of library class [org.spongepowered.asm.mixin.transformer.MixinInfo$Reloaded]
Note: duplicate definition of library class [org.spongepowered.asm.mixin.transformer.MixinInfo$State]
Note: duplicate definition of library class [org.spongepowered.asm.mixin.transformer.MixinInfo$SubType$Accessor]
Note: duplicate definition of library class [org.spongepowered.asm.mixin.transformer.MixinInfo$SubType$Interface]
Note: duplicate definition of library class [org.spongepowered.asm.mixin.transformer.MixinInfo$SubType$Standard]
Note: duplicate definition of library class [org.spongepowered.asm.mixin.transformer.MixinInfo$SubType]
Note: duplicate definition of library class [org.spongepowered.asm.mixin.transformer.MixinInfo$Variant]
Note: duplicate definition of library class [org.spongepowered.asm.mixin.transformer.MixinInfo]
Note: duplicate definition of library class [org.spongepowered.asm.mixin.transformer.MixinPreProcessorAccessor]
Note: duplicate definition of library class [org.spongepowered.asm.mixin.transformer.MixinPreProcessorInterface]
Note: duplicate definition of library class [org.spongepowered.asm.mixin.transformer.MixinPreProcessorStandard$SpecialMethod]
Note: duplicate definition of library class [org.spongepowered.asm.mixin.transformer.MixinPreProcessorStandard]
Note: duplicate definition of library class [org.spongepowered.asm.mixin.transformer.MixinProcessor$1]
Note: duplicate definition of library class [org.spongepowered.asm.mixin.transformer.MixinProcessor$ErrorPhase$1]
Note: duplicate definition of library class [org.spongepowered.asm.mixin.transformer.MixinProcessor$ErrorPhase$2]
Note: duplicate definition of library class [org.spongepowered.asm.mixin.transformer.MixinProcessor$ErrorPhase]
Note: duplicate definition of library class [org.spongepowered.asm.mixin.transformer.MixinProcessor]
Note: duplicate definition of library class [org.spongepowered.asm.mixin.transformer.MixinTargetContext]
Note: duplicate definition of library class [org.spongepowered.asm.mixin.transformer.MixinTransformer$Factory]
Note: duplicate definition of library class [org.spongepowered.asm.mixin.transformer.MixinTransformer]
Note: duplicate definition of library class [org.spongepowered.asm.mixin.transformer.PluginHandle$CompatibilityMode]
Note: duplicate definition of library class [org.spongepowered.asm.mixin.transformer.PluginHandle]
Note: duplicate definition of library class [org.spongepowered.asm.mixin.transformer.struct.Initialiser$InjectionMode]
Note: duplicate definition of library class [org.spongepowered.asm.mixin.transformer.struct.Initialiser]
Note: duplicate definition of library class [org.spongepowered.asm.mixin.transformer.struct.InsnRange]
Note: duplicate definition of library class [org.spongepowered.asm.mixin.transformer.SyntheticClassInfo]
Note: duplicate definition of library class [org.spongepowered.asm.mixin.transformer.SyntheticClassRegistry]
Note: duplicate definition of library class [org.spongepowered.asm.mixin.transformer.TargetClassContext]
Note: duplicate definition of library class [org.spongepowered.asm.mixin.transformer.throwables.IllegalClassLoadError]
Note: duplicate definition of library class [org.spongepowered.asm.mixin.transformer.throwables.InvalidInterfaceMixinException]
Note: duplicate definition of library class [org.spongepowered.asm.mixin.transformer.throwables.InvalidMixinException]
Note: duplicate definition of library class [org.spongepowered.asm.mixin.transformer.throwables.MixinApplicatorException]
Note: duplicate definition of library class [org.spongepowered.asm.mixin.transformer.throwables.MixinPreProcessorException]
Note: duplicate definition of library class [org.spongepowered.asm.mixin.transformer.throwables.MixinReloadException]
Note: duplicate definition of library class [org.spongepowered.asm.mixin.transformer.throwables.MixinTargetAlreadyLoadedException]
Note: duplicate definition of library class [org.spongepowered.asm.mixin.transformer.throwables.MixinTransformerError]
Note: duplicate definition of library class [org.spongepowered.asm.mixin.transformer.throwables.ReEntrantTransformerError]
Note: duplicate definition of library class [org.spongepowered.asm.mixin.Unique]
Note: duplicate definition of library class [org.spongepowered.asm.obfuscation.mapping.common.MappingField]
Note: duplicate definition of library class [org.spongepowered.asm.obfuscation.mapping.common.MappingMethod]
Note: duplicate definition of library class [org.spongepowered.asm.obfuscation.mapping.IMapping$Type]
Note: duplicate definition of library class [org.spongepowered.asm.obfuscation.mapping.IMapping]
Note: duplicate definition of library class [org.spongepowered.asm.obfuscation.mapping.mcp.MappingFieldSrg]
Note: duplicate definition of library class [org.spongepowered.asm.obfuscation.RemapperChain]
Note: duplicate definition of library class [org.spongepowered.asm.service.IClassBytecodeProvider]
Note: duplicate definition of library class [org.spongepowered.asm.service.IClassProvider]
Note: duplicate definition of library class [org.spongepowered.asm.service.IClassTracker]
Note: duplicate definition of library class [org.spongepowered.asm.service.IGlobalPropertyService]
Note: duplicate definition of library class [org.spongepowered.asm.service.ILegacyClassTransformer]
Note: duplicate definition of library class [org.spongepowered.asm.service.IMixinAuditTrail]
Note: duplicate definition of library class [org.spongepowered.asm.service.IMixinInternal]
Note: duplicate definition of library class [org.spongepowered.asm.service.IMixinService]
Note: duplicate definition of library class [org.spongepowered.asm.service.IMixinServiceBootstrap]
Note: duplicate definition of library class [org.spongepowered.asm.service.IPropertyKey]
Note: duplicate definition of library class [org.spongepowered.asm.service.ISyntheticClassInfo]
Note: duplicate definition of library class [org.spongepowered.asm.service.ISyntheticClassRegistry]
Note: duplicate definition of library class [org.spongepowered.asm.service.ITransformer]
Note: duplicate definition of library class [org.spongepowered.asm.service.ITransformerProvider]
Note: duplicate definition of library class [org.spongepowered.asm.service.ITreeClassTransformer]
Note: duplicate definition of library class [org.spongepowered.asm.service.MixinService$LogBuffer$LogEntry]
Note: duplicate definition of library class [org.spongepowered.asm.service.MixinService$LogBuffer]
Note: duplicate definition of library class [org.spongepowered.asm.service.MixinService]
Note: duplicate definition of library class [org.spongepowered.asm.service.MixinServiceAbstract]
Note: duplicate definition of library class [org.spongepowered.asm.service.ServiceInitialisationException]
Note: duplicate definition of library class [org.spongepowered.asm.service.ServiceNotAvailableError]
Note: duplicate definition of library class [org.spongepowered.asm.service.ServiceVersionError]
Note: duplicate definition of library class [org.spongepowered.asm.transformers.MixinClassReader]
Note: duplicate definition of library class [org.spongepowered.asm.transformers.MixinClassWriter]
Note: duplicate definition of library class [org.spongepowered.asm.transformers.TreeTransformer]
Note: duplicate definition of library class [org.spongepowered.asm.util.Annotations$1]
Note: duplicate definition of library class [org.spongepowered.asm.util.Annotations$Handle]
Note: duplicate definition of library class [org.spongepowered.asm.util.Annotations]
Note: duplicate definition of library class [org.spongepowered.asm.util.asm.ASM]
Note: duplicate definition of library class [org.spongepowered.asm.util.asm.ClassNodeAdapter]
Note: duplicate definition of library class [org.spongepowered.asm.util.asm.IAnnotatedElement]
Note: duplicate definition of library class [org.spongepowered.asm.util.asm.IAnnotationHandle]
Note: duplicate definition of library class [org.spongepowered.asm.util.asm.MarkerNode]
Note: duplicate definition of library class [org.spongepowered.asm.util.asm.MethodNodeEx]
Note: duplicate definition of library class [org.spongepowered.asm.util.asm.MethodVisitorEx]
Note: duplicate definition of library class [org.spongepowered.asm.util.asm.MixinVerifier]
Note: duplicate definition of library class [org.spongepowered.asm.util.Bytecode$DelegateInitialiser]
Note: duplicate definition of library class [org.spongepowered.asm.util.Bytecode$Visibility]
Note: duplicate definition of library class [org.spongepowered.asm.util.Bytecode]
Note: duplicate definition of library class [org.spongepowered.asm.util.ClassSignature$IToken]
Note: duplicate definition of library class [org.spongepowered.asm.util.ClassSignature$Lazy]
Note: duplicate definition of library class [org.spongepowered.asm.util.ClassSignature$SignatureParser$BoundElement]
Note: duplicate definition of library class [org.spongepowered.asm.util.ClassSignature$SignatureParser$FormalParamElement]
Note: duplicate definition of library class [org.spongepowered.asm.util.ClassSignature$SignatureParser$InterfaceElement]
Note: duplicate definition of library class [org.spongepowered.asm.util.ClassSignature$SignatureParser$SignatureElement]
Note: duplicate definition of library class [org.spongepowered.asm.util.ClassSignature$SignatureParser$SuperClassElement]
Note: duplicate definition of library class [org.spongepowered.asm.util.ClassSignature$SignatureParser$TokenElement]
Note: duplicate definition of library class [org.spongepowered.asm.util.ClassSignature$SignatureParser$TypeArgElement]
Note: duplicate definition of library class [org.spongepowered.asm.util.ClassSignature$SignatureParser]
Note: duplicate definition of library class [org.spongepowered.asm.util.ClassSignature$SignatureRemapper]
Note: duplicate definition of library class [org.spongepowered.asm.util.ClassSignature$Token]
Note: duplicate definition of library class [org.spongepowered.asm.util.ClassSignature$TokenHandle]
Note: duplicate definition of library class [org.spongepowered.asm.util.ClassSignature$TypeVar]
Note: duplicate definition of library class [org.spongepowered.asm.util.ClassSignature]
Note: duplicate definition of library class [org.spongepowered.asm.util.Constants$ManifestAttributes]
Note: duplicate definition of library class [org.spongepowered.asm.util.Constants]
Note: duplicate definition of library class [org.spongepowered.asm.util.ConstraintParser$Constraint]
Note: duplicate definition of library class [org.spongepowered.asm.util.ConstraintParser]
Note: duplicate definition of library class [org.spongepowered.asm.util.Counter]
Note: duplicate definition of library class [org.spongepowered.asm.util.Files]
Note: duplicate definition of library class [org.spongepowered.asm.util.Handles]
Note: duplicate definition of library class [org.spongepowered.asm.util.IConsumer]
Note: duplicate definition of library class [org.spongepowered.asm.util.IMessageSink]
Note: duplicate definition of library class [org.spongepowered.asm.util.ITokenProvider]
Note: duplicate definition of library class [org.spongepowered.asm.util.JavaVersion]
Note: duplicate definition of library class [org.spongepowered.asm.util.LanguageFeatures]
Note: duplicate definition of library class [org.spongepowered.asm.util.Locals$Settings]
Note: duplicate definition of library class [org.spongepowered.asm.util.Locals$SyntheticLocalVariableNode]
Note: duplicate definition of library class [org.spongepowered.asm.util.Locals$ZombieLocalVariableNode]
Note: duplicate definition of library class [org.spongepowered.asm.util.Locals]
Note: duplicate definition of library class [org.spongepowered.asm.util.logging.MessageRouter$1]
Note: duplicate definition of library class [org.spongepowered.asm.util.logging.MessageRouter$DebugInterceptingMessager]
Note: duplicate definition of library class [org.spongepowered.asm.util.logging.MessageRouter$LoggingMessager]
Note: duplicate definition of library class [org.spongepowered.asm.util.logging.MessageRouter]
Note: duplicate definition of library class [org.spongepowered.asm.util.ObfuscationUtil$IClassRemapper]
Note: duplicate definition of library class [org.spongepowered.asm.util.ObfuscationUtil]
Note: duplicate definition of library class [org.spongepowered.asm.util.perf.Profiler$1]
Note: duplicate definition of library class [org.spongepowered.asm.util.perf.Profiler$DisabledSection]
Note: duplicate definition of library class [org.spongepowered.asm.util.perf.Profiler$LiveSection]
Note: duplicate definition of library class [org.spongepowered.asm.util.perf.Profiler$ResultSection]
Note: duplicate definition of library class [org.spongepowered.asm.util.perf.Profiler$Section]
Note: duplicate definition of library class [org.spongepowered.asm.util.perf.Profiler$SubSection]
Note: duplicate definition of library class [org.spongepowered.asm.util.perf.Profiler]
Note: duplicate definition of library class [org.spongepowered.asm.util.PrettyPrinter$Alignment]
Note: duplicate definition of library class [org.spongepowered.asm.util.PrettyPrinter$CentredText]
Note: duplicate definition of library class [org.spongepowered.asm.util.PrettyPrinter$Column]
Note: duplicate definition of library class [org.spongepowered.asm.util.PrettyPrinter$HorizontalRule]
Note: duplicate definition of library class [org.spongepowered.asm.util.PrettyPrinter$IPrettyPrintable]
Note: duplicate definition of library class [org.spongepowered.asm.util.PrettyPrinter$ISpecialEntry]
Note: duplicate definition of library class [org.spongepowered.asm.util.PrettyPrinter$IVariableWidthEntry]
Note: duplicate definition of library class [org.spongepowered.asm.util.PrettyPrinter$KeyValue]
Note: duplicate definition of library class [org.spongepowered.asm.util.PrettyPrinter$Row]
Note: duplicate definition of library class [org.spongepowered.asm.util.PrettyPrinter$Table]
Note: duplicate definition of library class [org.spongepowered.asm.util.PrettyPrinter]
Note: duplicate definition of library class [org.spongepowered.asm.util.Quantifier]
Note: duplicate definition of library class [org.spongepowered.asm.util.ReEntranceLock]
Note: duplicate definition of library class [org.spongepowered.asm.util.SignaturePrinter]
Note: duplicate definition of library class [org.spongepowered.asm.util.throwables.ConstraintViolationException]
Note: duplicate definition of library class [org.spongepowered.asm.util.throwables.InvalidConstraintException]
Note: duplicate definition of library class [org.spongepowered.asm.util.throwables.LVTGeneratorError]
Note: duplicate definition of library class [org.spongepowered.asm.util.throwables.SyntheticBridgeException$Problem]
Note: duplicate definition of library class [org.spongepowered.asm.util.throwables.SyntheticBridgeException]
Note: duplicate definition of library class [org.spongepowered.asm.util.VersionNumber]
Note: duplicate definition of library class [org.spongepowered.asm.launch.IClassProcessor]
Note: duplicate definition of library class [org.spongepowered.asm.launch.MixinLaunchPluginLegacy]
Note: duplicate definition of library class [org.spongepowered.asm.launch.MixinTransformationServiceAbstract]
Note: duplicate definition of library class [org.spongepowered.asm.launch.Phases]
Note: duplicate definition of library class [org.spongepowered.asm.launch.platform.container.ContainerHandleModLauncher$Resource]
Note: duplicate definition of library class [org.spongepowered.asm.launch.platform.container.ContainerHandleModLauncher]
Note: duplicate definition of library class [org.spongepowered.asm.launch.platform.MixinPlatformAgentMinecraftForge]
Note: duplicate definition of library class [org.spongepowered.asm.service.modlauncher.Blackboard$Key]
Note: duplicate definition of library class [org.spongepowered.asm.service.modlauncher.Blackboard]
Note: duplicate definition of library class [org.spongepowered.asm.service.modlauncher.LoggerAdapterLog4j2]
Note: duplicate definition of library class [org.spongepowered.asm.service.modlauncher.MixinServiceModLauncher]
Note: duplicate definition of library class [org.spongepowered.asm.service.modlauncher.MixinServiceModLauncherBootstrap]
Note: duplicate definition of library class [org.spongepowered.asm.service.modlauncher.MixinTransformationHandler]
Note: duplicate definition of library class [org.spongepowered.asm.service.modlauncher.ModLauncherAuditTrail]
Note: duplicate definition of library class [org.spongepowered.asm.service.modlauncher.ModLauncherClassProvider]
Note: duplicate definition of library class [org.spongepowered.asm.service.modlauncher.ModLauncherClassTracker]
Note: duplicate definition of library class [org.spongepowered.asm.launch.MixinTransformationServiceLegacy]
Note: duplicate definition of library class [org.spongepowered.asm.launch.MixinLaunchPlugin]
Note: duplicate definition of library class [org.spongepowered.asm.launch.MixinTransformationService]
Note: duplicate definition of library class [org.spongepowered.asm.launch.platform.container.ContainerHandleModLauncherEx$SecureJarResource]
Note: duplicate definition of library class [org.spongepowered.asm.launch.platform.container.ContainerHandleModLauncherEx]
Note: duplicate definition of library class [module-info]
Reading library jmod [C:\Program Files\Java\jdk-21.0.10\jmods\java.base.jmod] (filtered)
Reading library jmod [C:\Program Files\Java\jdk-21.0.10\jmods\java.desktop.jmod] (filtered)
Reading library jmod [C:\Program Files\Java\jdk-21.0.10\jmods\jdk.unsupported.jmod] (filtered)
Note: there were 680 duplicate class definitions.
      (https://www.guardsquare.com/proguard/manual/troubleshooting#duplicateclass)
Initializing...
Note: the configuration refers to the unknown class 'java.sql.Driver'
Note: the configuration explicitly specifies 'dev.babbaj.pathfinder.**' to keep library class 'dev.babbaj.pathfinder.NetherPathfinder'
Note: the configuration explicitly specifies 'dev.babbaj.pathfinder.**' to keep library class 'dev.babbaj.pathfinder.Octree'
Note: the configuration explicitly specifies 'dev.babbaj.pathfinder.**' to keep library class 'dev.babbaj.pathfinder.PathSegment'
Note: there were 1 references to unknown classes.
      You should check your configuration for typos.
      (https://www.guardsquare.com/proguard/manual/troubleshooting#unknownclass)
Note: there were 3 library classes explicitly being kept.
      You don't need to keep library classes; they are already left unchanged.
      (https://www.guardsquare.com/proguard/manual/troubleshooting#libraryclass)
Ignoring unused library classes...
  Original number of library classes:              52570
  Final number of library classes:                 1987
Marking classes and class members to be kept...
Inlining subroutines...
Shrinking...
Removing unused program classes and class elements...
  Original number of program classes:            486
  Final number of program classes:               486
Optimizing (pass 1/5)...
  Number of finalized classes:                   0
  Number of unboxed enum classes:                0
  Number of vertically merged classes:           0   (disabled)
  Number of horizontally merged classes:         0   (disabled)
  Number of merged wrapper classes:              0   (disabled)
  Number of removed write-only fields:           8
  Number of privatized fields:                   89
  Number of generalized field accesses:          1262
  Number of specialized field types:             45
  Number of inlined constant fields:             1
  Number of privatized methods:                  50
  Number of staticized methods:                  22
  Number of finalized methods:                   644
  Number of desynchronized methods:              0
  Number of simplified method signatures:        22
  Number of removed method parameters:           28
  Number of generalized method invocations:      67
  Number of specialized method parameter types:  23
  Number of specialized method return types:     4
  Number of inlined constant parameters:         142
  Number of inlined constant return values:      1
  Number of inlined short method calls:          309
  Number of inlined unique method calls:         210
  Number of inlined tail recursion calls:        4
  Number of merged code blocks:                  17
  Number of variable peephole optimizations:     1724
  Number of arithmetic peephole optimizations:   28
  Number of cast peephole optimizations:         0
  Number of field peephole optimizations:        6
  Number of branch peephole optimizations:       539
  Number of object peephole optimizations:       148
  Number of string peephole optimizations:       0
  Number of math peephole optimizations:         0
  Number of simplified instructions:             202
  Number of removed instructions:                264
  Number of removed local variables:             54
  Number of removed exception blocks:            19
  Number of optimized local variable frames:     521
Shrinking...
Removing unused program classes and class elements...
  Original number of program classes:            486
  Final number of program classes:               486
Optimizing (pass 2/5)...
  Number of finalized classes:                   0
  Number of unboxed enum classes:                0
  Number of vertically merged classes:           0   (disabled)
  Number of horizontally merged classes:         0   (disabled)
  Number of merged wrapper classes:              0   (disabled)
  Number of removed write-only fields:           8
  Number of privatized fields:                   0
  Number of generalized field accesses:          0
  Number of specialized field types:             3
  Number of inlined constant fields:             1
  Number of privatized methods:                  1
  Number of staticized methods:                  3
  Number of finalized methods:                   13
  Number of desynchronized methods:              0
  Number of simplified method signatures:        43
  Number of removed method parameters:           140
  Number of generalized method invocations:      0
  Number of specialized method parameter types:  49
  Number of specialized method return types:     0
  Number of inlined constant parameters:         140
  Number of inlined constant return values:      0
  Number of inlined short method calls:          0
  Number of inlined unique method calls:         11
  Number of inlined tail recursion calls:        0
  Number of merged code blocks:                  1
  Number of variable peephole optimizations:     98
  Number of arithmetic peephole optimizations:   6
  Number of cast peephole optimizations:         0
  Number of field peephole optimizations:        0
  Number of branch peephole optimizations:       20
  Number of object peephole optimizations:       0
  Number of string peephole optimizations:       0
  Number of math peephole optimizations:         0
  Number of simplified instructions:             6
  Number of removed instructions:                1091
  Number of removed local variables:             143
  Number of removed exception blocks:            0
  Number of optimized local variable frames:     15
Shrinking...
Removing unused program classes and class elements...
  Original number of program classes:            486
  Final number of program classes:               486
Optimizing (pass 3/5)...
  Number of finalized classes:                   0
  Number of unboxed enum classes:                0
  Number of vertically merged classes:           0   (disabled)
  Number of horizontally merged classes:         0   (disabled)
  Number of merged wrapper classes:              0   (disabled)
  Number of removed write-only fields:           8
  Number of privatized fields:                   0
  Number of generalized field accesses:          0
  Number of specialized field types:             1
  Number of inlined constant fields:             0
  Number of privatized methods:                  0
  Number of staticized methods:                  1
  Number of finalized methods:                   2
  Number of desynchronized methods:              0
  Number of simplified method signatures:        1
  Number of removed method parameters:           3
  Number of generalized method invocations:      0
  Number of specialized method parameter types:  6
  Number of specialized method return types:     0
  Number of inlined constant parameters:         0
  Number of inlined constant return values:      0
  Number of inlined short method calls:          0
  Number of inlined unique method calls:         3
  Number of inlined tail recursion calls:        0
  Number of merged code blocks:                  0
  Number of variable peephole optimizations:     12
  Number of arithmetic peephole optimizations:   0
  Number of cast peephole optimizations:         0
  Number of field peephole optimizations:        0
  Number of branch peephole optimizations:       0
  Number of object peephole optimizations:       0
  Number of string peephole optimizations:       0
  Number of math peephole optimizations:         0
  Number of simplified instructions:             0
  Number of removed instructions:                46
  Number of removed local variables:             11
  Number of removed exception blocks:            0
  Number of optimized local variable frames:     4
Shrinking...
Removing unused program classes and class elements...
  Original number of program classes:            486
  Final number of program classes:               486
Optimizing (pass 4/5)...
  Number of finalized classes:                   0
  Number of unboxed enum classes:                0
  Number of vertically merged classes:           0   (disabled)
  Number of horizontally merged classes:         0   (disabled)
  Number of merged wrapper classes:              0   (disabled)
  Number of removed write-only fields:           8
  Number of privatized fields:                   0
  Number of generalized field accesses:          0
  Number of specialized field types:             1
  Number of inlined constant fields:             0
  Number of privatized methods:                  0
  Number of staticized methods:                  1
  Number of finalized methods:                   0
  Number of desynchronized methods:              0
  Number of simplified method signatures:        0
  Number of removed method parameters:           0
  Number of generalized method invocations:      0
  Number of specialized method parameter types:  0
  Number of specialized method return types:     0
  Number of inlined constant parameters:         0
  Number of inlined constant return values:      0
  Number of inlined short method calls:          0
  Number of inlined unique method calls:         0
  Number of inlined tail recursion calls:        0
  Number of merged code blocks:                  0
  Number of variable peephole optimizations:     1
  Number of arithmetic peephole optimizations:   0
  Number of cast peephole optimizations:         0
  Number of field peephole optimizations:        0
  Number of branch peephole optimizations:       0
  Number of object peephole optimizations:       0
  Number of string peephole optimizations:       0
  Number of math peephole optimizations:         0
  Number of simplified instructions:             0
  Number of removed instructions:                11
  Number of removed local variables:             1
  Number of removed exception blocks:            0
  Number of optimized local variable frames:     0
Shrinking...
Removing unused program classes and class elements...
  Original number of program classes:            486
  Final number of program classes:               486
Optimizing (pass 5/5)...
  Number of finalized classes:                   0
  Number of unboxed enum classes:                0
  Number of vertically merged classes:           0   (disabled)
  Number of horizontally merged classes:         0   (disabled)
  Number of merged wrapper classes:              0   (disabled)
  Number of removed write-only fields:           8
  Number of privatized fields:                   0
  Number of generalized field accesses:          0
  Number of specialized field types:             0
  Number of inlined constant fields:             0
  Number of privatized methods:                  0
  Number of staticized methods:                  1
  Number of finalized methods:                   0
  Number of desynchronized methods:              0
  Number of simplified method signatures:        0
  Number of removed method parameters:           0
  Number of generalized method invocations:      0
  Number of specialized method parameter types:  0
  Number of specialized method return types:     0
  Number of inlined constant parameters:         0
  Number of inlined constant return values:      0
  Number of inlined short method calls:          0
  Number of inlined unique method calls:         0
  Number of inlined tail recursion calls:        0
  Number of merged code blocks:                  0
  Number of variable peephole optimizations:     0
  Number of arithmetic peephole optimizations:   0
  Number of cast peephole optimizations:         0
  Number of field peephole optimizations:        0
  Number of branch peephole optimizations:       0
  Number of object peephole optimizations:       0
  Number of string peephole optimizations:       0
  Number of math peephole optimizations:         0
  Number of simplified instructions:             0
  Number of removed instructions:                2
  Number of removed local variables:             1
  Number of removed exception blocks:            0
  Number of optimized local variable frames:     0
Shrinking...
Removing unused program classes and class elements...
  Original number of program classes:            486
  Final number of program classes:               486
Obfuscating...
Printing mapping to [F:\Baritone_Dev\baritone\mapping\mappings-fabric-api.txt]...
  Number of obfuscated classes:                  0
  Number of obfuscated fields:                   703
  Number of obfuscated methods:                  648
Preverifying...
Writing output...
Preparing output jar [F:\Baritone_Dev\baritone\fabric\build\tmp\proguard\proguard_out.jar] (filtered)
  Copying resources from program jar [F:\Baritone_Dev\baritone\fabric\build\libs\baritone-fabric-1.21.11-SNAPSHOT.jar] (filtered)
Running Determinizer
 Input path: F:\Baritone_Dev\baritone\fabric\build\tmp\proguard\proguard_out.jar
 Output path: F:\Baritone_Dev\baritone\fabric\build\libs\baritone-api-fabric-1.21.11-SNAPSHOT.jar
 Shade: []
Done with determinizer
ProGuard, version 7.4.2
Reading input...
Reading program jar [F:\Baritone_Dev\baritone\fabric\build\libs\baritone-fabric-1.21.11-SNAPSHOT.jar] (filtered)
Reading library jar [C:\Users\stanl\.gradle\caches\modules-2\files-2.1\io.github.llamalad7\mixinextras-fabric\0.5.0\91a83dfb7abd320f6236bd1fcf5c0ff143d59a13\mixinextras-fabric-0.5.0.jar] (filtered)
Reading library jar [C:\Users\stanl\.gradle\caches\modules-2\files-2.1\net.fabricmc\sponge-mixin\0.16.5+mixin.0.8.7\80fc3a9f592673cea87f4cd702f87991c6c9fe4d\sponge-mixin-0.16.5+mixin.0.8.7.jar] (filtered)
Reading library jar [C:\Users\stanl\.gradle\caches\modules-2\files-2.1\org.ow2.asm\asm-util\9.9\42fdfc0508b43807c8078d6e82ecff2ce2112ae8\asm-util-9.9.jar] (filtered)
Note: duplicate definition of library class [module-info]
Reading library jar [C:\Users\stanl\.gradle\caches\modules-2\files-2.1\org.ow2.asm\asm-tree\9.9\f8de6eead6d24dd0f45bd065bbe112b2cda6ea21\asm-tree-9.9.jar] (filtered)
Note: duplicate definition of library class [module-info]
Reading library jar [C:\Users\stanl\.gradle\caches\modules-2\files-2.1\org.ow2.asm\asm-commons\9.9\db9165a3bf908ded6b08612d583a15d1d0c7bda0\asm-commons-9.9.jar] (filtered)
Note: duplicate definition of library class [module-info]
Reading library jar [C:\Users\stanl\.gradle\caches\modules-2\files-2.1\org.ow2.asm\asm-analysis\9.9\bf4fa6e66638851c1cd22c2caea0c3ee5d5f437\asm-analysis-9.9.jar] (filtered)
Note: duplicate definition of library class [module-info]
Reading library jar [C:\Users\stanl\.gradle\caches\modules-2\files-2.1\org.ow2.asm\asm\9.9\c29635c8a7afa03d74b33c1884df8abb2b3f3dcc\asm-9.9.jar] (filtered)
Note: duplicate definition of library class [module-info]
Reading library jar [C:\Users\stanl\.gradle\caches\modules-2\files-2.1\org.slf4j\slf4j-api\2.0.17\d9e58ac9c7779ba3bf8142aff6c830617a7fe60f\slf4j-api-2.0.17.jar] (filtered)
Reading library jar [C:\Users\stanl\.gradle\caches\modules-2\files-2.1\org.lwjgl\lwjgl\3.3.3\9e670718e050aeaeea0c2d5b907cffb142f2e58f\lwjgl-3.3.3-natives-windows-x86.jar] (filtered)
Reading library jar [C:\Users\stanl\.gradle\caches\modules-2\files-2.1\org.lwjgl\lwjgl\3.3.3\e9aca8c5479b520a2a7f0d542a118140e812c5e8\lwjgl-3.3.3-natives-windows-arm64.jar] (filtered)
Reading library jar [C:\Users\stanl\.gradle\caches\modules-2\files-2.1\org.lwjgl\lwjgl\3.3.3\a5ed18a2b82fc91b81f40d717cb1f64c9dcb0540\lwjgl-3.3.3-natives-windows.jar] (filtered)
Reading library jar [C:\Users\stanl\.gradle\caches\modules-2\files-2.1\org.lwjgl\lwjgl\3.3.3\29589b5f87ed335a6c7e7ee6a5775f81f97ecb84\lwjgl-3.3.3.jar] (filtered)
Reading library jar [C:\Users\stanl\.gradle\caches\modules-2\files-2.1\org.lwjgl\lwjgl-tinyfd\3.3.3\c336c84ee88cccb495c6ffa112395509e7378e8a\lwjgl-tinyfd-3.3.3-natives-windows-x86.jar] (filtered)
Reading library jar [C:\Users\stanl\.gradle\caches\modules-2\files-2.1\org.lwjgl\lwjgl-tinyfd\3.3.3\a88c494f3006eb91a7433b12a3a55a9a6c20788b\lwjgl-tinyfd-3.3.3-natives-windows-arm64.jar] (filtered)
Reading library jar [C:\Users\stanl\.gradle\caches\modules-2\files-2.1\org.lwjgl\lwjgl-tinyfd\3.3.3\a6697981b0449a5087c1d546fc08b4f73e8f98c9\lwjgl-tinyfd-3.3.3-natives-windows.jar] (filtered)
Reading library jar [C:\Users\stanl\.gradle\caches\modules-2\files-2.1\org.lwjgl\lwjgl-tinyfd\3.3.3\82d755ca94b102e9ca77283b9e2dc46d1b15fbe5\lwjgl-tinyfd-3.3.3.jar] (filtered)
Reading library jar [C:\Users\stanl\.gradle\caches\modules-2\files-2.1\org.lwjgl\lwjgl-stb\3.3.3\b5c874687b9aac1a936501d4ed2c49567fd1b575\lwjgl-stb-3.3.3-natives-windows-x86.jar] (filtered)
Reading library jar [C:\Users\stanl\.gradle\caches\modules-2\files-2.1\org.lwjgl\lwjgl-stb\3.3.3\a584ab44de569708871f0a79561f4d8c37487f2c\lwjgl-stb-3.3.3-natives-windows-arm64.jar] (filtered)
Reading library jar [C:\Users\stanl\.gradle\caches\modules-2\files-2.1\org.lwjgl\lwjgl-stb\3.3.3\1d9facdf6541de114b0f963be33505b7679c78cb\lwjgl-stb-3.3.3-natives-windows.jar] (filtered)
Reading library jar [C:\Users\stanl\.gradle\caches\modules-2\files-2.1\org.lwjgl\lwjgl-stb\3.3.3\25dd6161988d7e65f71d5065c99902402ee32746\lwjgl-stb-3.3.3.jar] (filtered)
Reading library jar [C:\Users\stanl\.gradle\caches\modules-2\files-2.1\org.lwjgl\lwjgl-opengl\3.3.3\d32d833dcaa2f355a886eaf21f0408b5f03241d\lwjgl-opengl-3.3.3-natives-windows-x86.jar] (filtered)
Reading library jar [C:\Users\stanl\.gradle\caches\modules-2\files-2.1\org.lwjgl\lwjgl-opengl\3.3.3\65e956d3735a1abdc82eff4baec1b61174697d4b\lwjgl-opengl-3.3.3-natives-windows-arm64.jar] (filtered)
Reading library jar [C:\Users\stanl\.gradle\caches\modules-2\files-2.1\org.lwjgl\lwjgl-opengl\3.3.3\e6c1eec8be8a71951b830a4d69efc01c6531900c\lwjgl-opengl-3.3.3-natives-windows.jar] (filtered)
Reading library jar [C:\Users\stanl\.gradle\caches\modules-2\files-2.1\org.lwjgl\lwjgl-opengl\3.3.3\2f6b0147078396a58979125a4c947664e98293a\lwjgl-opengl-3.3.3.jar] (filtered)
Reading library jar [C:\Users\stanl\.gradle\caches\modules-2\files-2.1\org.lwjgl\lwjgl-openal\3.3.3\87b8d5050e3adb46bb58fe1cb2669a4a48fce10d\lwjgl-openal-3.3.3-natives-windows-x86.jar] (filtered)
Reading library jar [C:\Users\stanl\.gradle\caches\modules-2\files-2.1\org.lwjgl\lwjgl-openal\3.3.3\8e0615235116b9e4160dfe87bec90f5f6378bf72\lwjgl-openal-3.3.3-natives-windows-arm64.jar] (filtered)
Reading library jar [C:\Users\stanl\.gradle\caches\modules-2\files-2.1\org.lwjgl\lwjgl-openal\3.3.3\cf83862ae95d98496b26915024c7e666d8ab1c8f\lwjgl-openal-3.3.3-natives-windows.jar] (filtered)
Reading library jar [C:\Users\stanl\.gradle\caches\modules-2\files-2.1\org.lwjgl\lwjgl-openal\3.3.3\daada81ceb5fc0c291fbfdd4433cb8d9423577f2\lwjgl-openal-3.3.3.jar] (filtered)
Reading library jar [C:\Users\stanl\.gradle\caches\modules-2\files-2.1\org.lwjgl\lwjgl-jemalloc\3.3.3\f6063b6e0f23be483c5c88d84ce51b39dc69126c\lwjgl-jemalloc-3.3.3-natives-windows-x86.jar] (filtered)
Reading library jar [C:\Users\stanl\.gradle\caches\modules-2\files-2.1\org.lwjgl\lwjgl-jemalloc\3.3.3\ba1f3fed0ee4be0217eaa41c5bbfb4b9b1383c33\lwjgl-jemalloc-3.3.3-natives-windows-arm64.jar] (filtered)
Reading library jar [C:\Users\stanl\.gradle\caches\modules-2\files-2.1\org.lwjgl\lwjgl-jemalloc\3.3.3\426222fc027602a5f21b9c0fe79cde6a4c7a011f\lwjgl-jemalloc-3.3.3-natives-windows.jar] (filtered)
Reading library jar [C:\Users\stanl\.gradle\caches\modules-2\files-2.1\org.lwjgl\lwjgl-jemalloc\3.3.3\b543467b7ff3c6920539a88ee602d34098628be5\lwjgl-jemalloc-3.3.3.jar] (filtered)
Reading library jar [C:\Users\stanl\.gradle\caches\modules-2\files-2.1\org.lwjgl\lwjgl-glfw\3.3.3\32334f3fd5270a59bad9939a93115acb6de36dcf\lwjgl-glfw-3.3.3-natives-windows-x86.jar] (filtered)
Reading library jar [C:\Users\stanl\.gradle\caches\modules-2\files-2.1\org.lwjgl\lwjgl-glfw\3.3.3\f27018dc74f6289574502b46cce55d52817554e2\lwjgl-glfw-3.3.3-natives-windows-arm64.jar] (filtered)
Reading library jar [C:\Users\stanl\.gradle\caches\modules-2\files-2.1\org.lwjgl\lwjgl-glfw\3.3.3\e449e28b4891fc423c54c85fbc5bb0b9efece67a\lwjgl-glfw-3.3.3-natives-windows.jar] (filtered)
Reading library jar [C:\Users\stanl\.gradle\caches\modules-2\files-2.1\org.lwjgl\lwjgl-glfw\3.3.3\efa1eb78c5ccd840e9f329717109b5e892d72f8e\lwjgl-glfw-3.3.3.jar] (filtered)
Reading library jar [C:\Users\stanl\.gradle\caches\modules-2\files-2.1\org.lwjgl\lwjgl-freetype\3.3.3\15a8c1de7f51d07a92eae7ce1222557073a0c0c3\lwjgl-freetype-3.3.3-natives-windows-x86.jar] (filtered)
Reading library jar [C:\Users\stanl\.gradle\caches\modules-2\files-2.1\org.lwjgl\lwjgl-freetype\3.3.3\82028265a0a2ff33523ca75137ada7dc176e5210\lwjgl-freetype-3.3.3-natives-windows-arm64.jar] (filtered)
Reading library jar [C:\Users\stanl\.gradle\caches\modules-2\files-2.1\org.lwjgl\lwjgl-freetype\3.3.3\81091b006dbb43fab04c8c638e9ac87c51b4096d\lwjgl-freetype-3.3.3-natives-windows.jar] (filtered)
Reading library jar [C:\Users\stanl\.gradle\caches\modules-2\files-2.1\org.lwjgl\lwjgl-freetype\3.3.3\a0db6c84a8becc8ca05f9dbfa985edc348a824c7\lwjgl-freetype-3.3.3.jar] (filtered)
Reading library jar [C:\Users\stanl\.gradle\caches\modules-2\files-2.1\org.jspecify\jspecify\1.0.0\7425a601c1c7ec76645a78d22b8c6a627edee507\jspecify-1.0.0.jar] (filtered)
Reading library jar [C:\Users\stanl\.gradle\caches\modules-2\files-2.1\org.joml\joml\1.10.8\fc0a71dad90a2cf41d82a76156a0e700af8e4f8d\joml-1.10.8.jar] (filtered)
Note: duplicate definition of library class [module-info]
Reading library jar [C:\Users\stanl\.gradle\caches\modules-2\files-2.1\org.jcraft\jorbis\0.0.17\8872d22b293e8f5d7d56ff92be966e6dc28ebdc6\jorbis-0.0.17.jar] (filtered)
Reading library jar [C:\Users\stanl\.gradle\caches\modules-2\files-2.1\org.apache.logging.log4j\log4j-slf4j2-impl\2.25.2\5eec0c392661dee8a366baec17e8896900dd978f\log4j-slf4j2-impl-2.25.2.jar] (filtered)
Note: duplicate definition of library class [module-info]
Reading library jar [C:\Users\stanl\.gradle\caches\modules-2\files-2.1\org.apache.logging.log4j\log4j-core\2.25.2\d4d0ad2e51e03e531f784891fbfff1bae1e13a12\log4j-core-2.25.2.jar] (filtered)
Note: duplicate definition of library class [module-info]
Reading library jar [C:\Users\stanl\.gradle\caches\modules-2\files-2.1\org.apache.logging.log4j\log4j-api\2.25.2\292c1a2b1702f1e1e3adb13e1c57e5bff60335ff\log4j-api-2.25.2.jar] (filtered)
Note: duplicate definition of library class [module-info]
Reading library jar [C:\Users\stanl\.gradle\caches\modules-2\files-2.1\org.apache.commons\commons-lang3\3.19.0\d6524b169a6574cd253760c472d419b47bfd37e6\commons-lang3-3.19.0.jar] (filtered)
Reading library jar [C:\Users\stanl\.gradle\caches\modules-2\files-2.1\org.apache.commons\commons-compress\1.28.0\e482f2c7a88dac3c497e96aa420b6a769f59c8d7\commons-compress-1.28.0.jar] (filtered)
Reading library jar [C:\Users\stanl\.gradle\caches\modules-2\files-2.1\net.sf.jopt-simple\jopt-simple\5.0.4\4fdac2fbe92dfad86aa6e9301736f6b4342a3f5c\jopt-simple-5.0.4.jar] (filtered)
Reading library jar [C:\Users\stanl\.gradle\caches\modules-2\files-2.1\net.java.dev.jna\jna\5.17.0\33d12735bef894440780fce64f9758d420c7bae2\jna-5.17.0.jar] (filtered)
Reading library jar [C:\Users\stanl\.gradle\caches\modules-2\files-2.1\net.java.dev.jna\jna-platform\5.17.0\a4934c44d25a9d8c2ddf4203affd20330cb3426f\jna-platform-5.17.0.jar] (filtered)
Reading library jar [C:\Users\stanl\.gradle\caches\modules-2\files-2.1\it.unimi.dsi\fastutil\8.5.18\a6cff377eecc19c2037bf31568a6d7106b50ba1f\fastutil-8.5.18.jar] (filtered)
Reading library jar [C:\Users\stanl\.gradle\caches\modules-2\files-2.1\io.netty\netty-transport\4.2.7.Final\83ea548981d0d8c4a98027cc1a6f9624f902e142\netty-transport-4.2.7.Final.jar] (filtered)
Reading library jar [C:\Users\stanl\.gradle\caches\modules-2\files-2.1\io.netty\netty-transport-native-unix-common\4.2.7.Final\89953f04259ea7502cffb313630dd51e00e60669\netty-transport-native-unix-common-4.2.7.Final.jar] (filtered)
Reading library jar [C:\Users\stanl\.gradle\caches\modules-2\files-2.1\io.netty\netty-transport-classes-kqueue\4.2.7.Final\bdec7c23c75caabd848426d073c09568e8d5f94e\netty-transport-classes-kqueue-4.2.7.Final.jar] (filtered)
Reading library jar [C:\Users\stanl\.gradle\caches\modules-2\files-2.1\io.netty\netty-transport-classes-epoll\4.2.7.Final\1075c09f48a78eef9d819fbfd9096b903fdd362a\netty-transport-classes-epoll-4.2.7.Final.jar] (filtered)
Reading library jar [C:\Users\stanl\.gradle\caches\modules-2\files-2.1\io.netty\netty-resolver\4.2.7.Final\5f3e5ef8de03992cd4fb46960dc0085ec1a12a12\netty-resolver-4.2.7.Final.jar] (filtered)
Reading library jar [C:\Users\stanl\.gradle\caches\modules-2\files-2.1\io.netty\netty-handler\4.2.7.Final\7ad8a1f851e2e6fe93cdd091871fda2b81c03b5b\netty-handler-4.2.7.Final.jar] (filtered)
Reading library jar [C:\Users\stanl\.gradle\caches\modules-2\files-2.1\io.netty\netty-common\4.2.7.Final\11aa30df26af4fca3239ac1917f303a280f301e1\netty-common-4.2.7.Final.jar] (filtered)
Reading library jar [C:\Users\stanl\.gradle\caches\modules-2\files-2.1\io.netty\netty-codec-http\4.2.7.Final\b734c108854099c421fd94d92d9f865e4d4da853\netty-codec-http-4.2.7.Final.jar] (filtered)
Reading library jar [C:\Users\stanl\.gradle\caches\modules-2\files-2.1\io.netty\netty-codec-compression\4.2.7.Final\572341bc1ca90fd9d6e47f1d2694aab5258566e9\netty-codec-compression-4.2.7.Final.jar] (filtered)
Reading library jar [C:\Users\stanl\.gradle\caches\modules-2\files-2.1\io.netty\netty-codec-base\4.2.7.Final\915e381ebabcf115f1c7ff7032d55c48afb50210\netty-codec-base-4.2.7.Final.jar] (filtered)
Reading library jar [C:\Users\stanl\.gradle\caches\modules-2\files-2.1\io.netty\netty-buffer\4.2.7.Final\5555ff561643bf2f8430fb57c24403c0efe15994\netty-buffer-4.2.7.Final.jar] (filtered)
Reading library jar [C:\Users\stanl\.gradle\caches\modules-2\files-2.1\commons-io\commons-io\2.20.0\36f3474daec2849c149e877614e7f979b2082cd2\commons-io-2.20.0.jar] (filtered)
Reading library jar [C:\Users\stanl\.gradle\caches\modules-2\files-2.1\commons-codec\commons-codec\1.19.0\8c0dbe3ae883fceda9b50a6c76e745e548073388\commons-codec-1.19.0.jar] (filtered)
Reading library jar [C:\Users\stanl\.gradle\caches\modules-2\files-2.1\com.mojang\text2speech\1.18.11\e853a12cdd6ba4f4836e8f4bf3b37844a13482b6\text2speech-1.18.11.jar] (filtered)
Reading library jar [C:\Users\stanl\.gradle\caches\modules-2\files-2.1\com.mojang\patchy\2.2.10\da05971b07cbb379d002cf7eaec6a2048211fefc\patchy-2.2.10.jar] (filtered)
Reading library jar [C:\Users\stanl\.gradle\caches\modules-2\files-2.1\com.mojang\logging\1.6.11\fd147240733010c158249d986323f9ef98977fe\logging-1.6.11.jar] (filtered)
Reading library jar [C:\Users\stanl\.gradle\caches\modules-2\files-2.1\com.mojang\jtracy\1.0.37\6ff6d710fd4ffd470f2799653fab57e27fed0c9d\jtracy-1.0.37-natives-windows.jar] (filtered)
Reading library jar [C:\Users\stanl\.gradle\caches\modules-2\files-2.1\com.mojang\jtracy\1.0.37\a3fb649b2e2b2288d2978f0b0bc3d83f62809d1e\jtracy-1.0.37.jar] (filtered)
Reading library jar [C:\Users\stanl\.gradle\caches\modules-2\files-2.1\com.mojang\datafixerupper\9.0.19\4e91f9712fa1e83231d1501625381b0210a977da\datafixerupper-9.0.19.jar] (filtered)
Reading library jar [C:\Users\stanl\.gradle\caches\modules-2\files-2.1\com.mojang\brigadier\1.3.10\d15b53a14cf20fdcaa98f731af5dda654452c010\brigadier-1.3.10.jar] (filtered)
Reading library jar [C:\Users\stanl\.gradle\caches\modules-2\files-2.1\com.mojang\blocklist\1.0.10\5c685c5ffa94c4cd39496c7184c1d122e515ecef\blocklist-1.0.10.jar] (filtered)
Reading library jar [C:\Users\stanl\.gradle\caches\modules-2\files-2.1\com.mojang\authlib\7.0.61\efee1e6b54e863108576eb3b3ae71144626aaefc\authlib-7.0.61.jar] (filtered)
Reading library jar [C:\Users\stanl\.gradle\caches\modules-2\files-2.1\com.microsoft.azure\msal4j\1.23.1\6c722b514873b24a4e1ce9c22dca36ea3c22bdbe\msal4j-1.23.1.jar] (filtered)
Reading library jar [C:\Users\stanl\.gradle\caches\modules-2\files-2.1\com.ibm.icu\icu4j\77.1\38693cf0b1d7362a8b726af74dc06026a7c23809\icu4j-77.1.jar] (filtered)
Reading library jar [C:\Users\stanl\.gradle\caches\modules-2\files-2.1\com.google.guava\guava\33.5.0-jre\8699de25f2f979108d6c1b804a7ba38cda1116bc\guava-33.5.0-jre.jar] (filtered)
Reading library jar [C:\Users\stanl\.gradle\caches\modules-2\files-2.1\com.google.guava\failureaccess\1.0.3\aeaffd00d57023a2c947393ed251f0354f0985fc\failureaccess-1.0.3.jar] (filtered)
Reading library jar [C:\Users\stanl\.gradle\caches\modules-2\files-2.1\com.google.code.gson\gson\2.13.2\48b8230771e573b54ce6e867a9001e75977fe78e\gson-2.13.2.jar] (filtered)
Reading library jar [C:\Users\stanl\.gradle\caches\modules-2\files-2.1\com.github.oshi\oshi-core\6.9.0\3224870731860cfcd7744581a05b559e94291e7\oshi-core-6.9.0.jar] (filtered)
Reading library jar [C:\Users\stanl\.gradle\caches\modules-2\files-2.1\com.azure\azure-json\1.4.0\fcc1d354dbc3e0300e5276b1bf124d0247799cd8\azure-json-1.4.0.jar] (filtered)
Note: duplicate definition of library class [module-info]
Reading library jar [C:\Users\stanl\.gradle\caches\modules-2\files-2.1\at.yawk.lz4\lz4-java\1.8.1\1f30a180ee04ccd53339a716aec13cae60a013b5\lz4-java-1.8.1.jar] (filtered)
Reading library jar [C:\Users\stanl\.gradle\caches\modules-2\files-2.1\org.jetbrains\annotations\24.0.1\13c5c75c4206580aa4d683bffee658caae6c9f43\annotations-24.0.1.jar] (filtered)
Reading library jar [C:\Users\stanl\.gradle\caches\modules-2\files-2.1\net.fabricmc\fabric-loader\0.18.1\2f1cf1fa62e868562f522698cce909fa1c474d36\fabric-loader-0.18.1.jar] (filtered)
Reading library jar [F:\Baritone_Dev\baritone\fabric\.gradle\unimined\local\mappings\intermediary2named.jar] (filtered)
Reading library jar [C:\Users\stanl\.gradle\caches\unimined\net\minecraft\minecraft\1.21.11\intermediary-1.21.11-mojmap-1.21.11-parchment-2025.03.23\minecraft-1.21.11-fabric-merged+fixed-intermediary.jar] (filtered)
Reading library jar [C:\Users\stanl\.gradle\caches\modules-2\files-2.1\com.google.code.findbugs\jsr305\3.0.2\25ea2e8b0c338a877313bd4672d3fe056ea78f0d\jsr305-3.0.2.jar] (filtered)
Reading library jar [C:\Users\stanl\.gradle\caches\modules-2\files-2.1\dev.babbaj\nether-pathfinder\1.4.1\d7dba70ac0e4a02d6b54767b9592f5d5773895\nether-pathfinder-1.4.1.jar] (filtered)
Reading library jar [C:\Users\stanl\.gradle\caches\modules-2\files-2.1\org.ow2.asm\asm\9.7\73d7b3086e14beb604ced229c302feff6449723\asm-9.7.jar] (filtered)
Note: duplicate definition of library class [module-info]
Note: duplicate definition of library class [org.objectweb.asm.AnnotationVisitor]
Note: duplicate definition of library class [org.objectweb.asm.AnnotationWriter]
Note: duplicate definition of library class [org.objectweb.asm.Attribute$Set]
Note: duplicate definition of library class [org.objectweb.asm.Attribute]
Note: duplicate definition of library class [org.objectweb.asm.ByteVector]
Note: duplicate definition of library class [org.objectweb.asm.ClassReader]
Note: duplicate definition of library class [org.objectweb.asm.ClassTooLargeException]
Note: duplicate definition of library class [org.objectweb.asm.ClassVisitor]
Note: duplicate definition of library class [org.objectweb.asm.ClassWriter]
Note: duplicate definition of library class [org.objectweb.asm.ConstantDynamic]
Note: duplicate definition of library class [org.objectweb.asm.Constants]
Note: duplicate definition of library class [org.objectweb.asm.Context]
Note: duplicate definition of library class [org.objectweb.asm.CurrentFrame]
Note: duplicate definition of library class [org.objectweb.asm.Edge]
Note: duplicate definition of library class [org.objectweb.asm.FieldVisitor]
Note: duplicate definition of library class [org.objectweb.asm.FieldWriter]
Note: duplicate definition of library class [org.objectweb.asm.Frame]
Note: duplicate definition of library class [org.objectweb.asm.Handle]
Note: duplicate definition of library class [org.objectweb.asm.Handler]
Note: duplicate definition of library class [org.objectweb.asm.Label]
Note: duplicate definition of library class [org.objectweb.asm.MethodTooLargeException]
Note: duplicate definition of library class [org.objectweb.asm.MethodVisitor]
Note: duplicate definition of library class [org.objectweb.asm.MethodWriter]
Note: duplicate definition of library class [org.objectweb.asm.ModuleVisitor]
Note: duplicate definition of library class [org.objectweb.asm.ModuleWriter]
Note: duplicate definition of library class [org.objectweb.asm.Opcodes]
Note: duplicate definition of library class [org.objectweb.asm.RecordComponentVisitor]
Note: duplicate definition of library class [org.objectweb.asm.RecordComponentWriter]
Note: duplicate definition of library class [org.objectweb.asm.Symbol]
Note: duplicate definition of library class [org.objectweb.asm.SymbolTable$Entry]
Note: duplicate definition of library class [org.objectweb.asm.SymbolTable$LabelEntry]
Note: duplicate definition of library class [org.objectweb.asm.SymbolTable]
Note: duplicate definition of library class [org.objectweb.asm.Type]
Note: duplicate definition of library class [org.objectweb.asm.TypePath]
Note: duplicate definition of library class [org.objectweb.asm.TypeReference]
Note: duplicate definition of library class [org.objectweb.asm.signature.SignatureReader]
Note: duplicate definition of library class [org.objectweb.asm.signature.SignatureVisitor]
Note: duplicate definition of library class [org.objectweb.asm.signature.SignatureWriter]
Reading library jar [C:\Users\stanl\.gradle\caches\modules-2\files-2.1\org.spongepowered\mixin\0.8.7\8ab114ac385e6dbdad5efafe28aba4df8120915f\mixin-0.8.7.jar] (filtered)
Note: duplicate definition of library class [org.spongepowered.tools.agent.MixinAgent$Transformer]
Note: duplicate definition of library class [org.spongepowered.tools.agent.MixinAgent]
Note: duplicate definition of library class [org.spongepowered.tools.agent.MixinAgentClassLoader]
Note: duplicate definition of library class [org.spongepowered.tools.obfuscation.AnnotatedMixin]
Note: duplicate definition of library class [org.spongepowered.tools.obfuscation.AnnotatedMixinElementHandler$AliasedElementName]
Note: duplicate definition of library class [org.spongepowered.tools.obfuscation.AnnotatedMixinElementHandler$AnnotatedElement]
Note: duplicate definition of library class [org.spongepowered.tools.obfuscation.AnnotatedMixinElementHandler$AnnotatedElementExecutable$1]
Note: duplicate definition of library class [org.spongepowered.tools.obfuscation.AnnotatedMixinElementHandler$AnnotatedElementExecutable]
Note: duplicate definition of library class [org.spongepowered.tools.obfuscation.AnnotatedMixinElementHandler$ShadowElementName]
Note: duplicate definition of library class [org.spongepowered.tools.obfuscation.AnnotatedMixinElementHandler]
Note: duplicate definition of library class [org.spongepowered.tools.obfuscation.AnnotatedMixinElementHandlerAccessor$1]
Note: duplicate definition of library class [org.spongepowered.tools.obfuscation.AnnotatedMixinElementHandlerAccessor$AnnotatedElementAccessor]
Note: duplicate definition of library class [org.spongepowered.tools.obfuscation.AnnotatedMixinElementHandlerAccessor$AnnotatedElementInvoker]
Note: duplicate definition of library class [org.spongepowered.tools.obfuscation.AnnotatedMixinElementHandlerAccessor]
Note: duplicate definition of library class [org.spongepowered.tools.obfuscation.AnnotatedMixinElementHandlerInjector$AnnotatedElementInjectionPoint]
Note: duplicate definition of library class [org.spongepowered.tools.obfuscation.AnnotatedMixinElementHandlerInjector$AnnotatedElementInjector]
Note: duplicate definition of library class [org.spongepowered.tools.obfuscation.AnnotatedMixinElementHandlerInjector$AnnotatedElementSliceInjectionPoint]
Note: duplicate definition of library class [org.spongepowered.tools.obfuscation.AnnotatedMixinElementHandlerInjector]
Note: duplicate definition of library class [org.spongepowered.tools.obfuscation.AnnotatedMixinElementHandlerOverwrite$AnnotatedElementOverwrite]
Note: duplicate definition of library class [org.spongepowered.tools.obfuscation.AnnotatedMixinElementHandlerOverwrite]
Note: duplicate definition of library class [org.spongepowered.tools.obfuscation.AnnotatedMixinElementHandlerShadow$AnnotatedElementShadow]
Note: duplicate definition of library class [org.spongepowered.tools.obfuscation.AnnotatedMixinElementHandlerShadow$AnnotatedElementShadowField]
Note: duplicate definition of library class [org.spongepowered.tools.obfuscation.AnnotatedMixinElementHandlerShadow$AnnotatedElementShadowMethod]
Note: duplicate definition of library class [org.spongepowered.tools.obfuscation.AnnotatedMixinElementHandlerShadow]
Note: duplicate definition of library class [org.spongepowered.tools.obfuscation.AnnotatedMixinElementHandlerSoftImplements]
Note: duplicate definition of library class [org.spongepowered.tools.obfuscation.AnnotatedMixins]
Note: duplicate definition of library class [org.spongepowered.tools.obfuscation.ext.SpecialPackages]
Note: duplicate definition of library class [org.spongepowered.tools.obfuscation.fg3.ObfuscationEnvironmentFG3]
Note: duplicate definition of library class [org.spongepowered.tools.obfuscation.fg3.ObfuscationServiceFG3]
Note: duplicate definition of library class [org.spongepowered.tools.obfuscation.interfaces.IJavadocProvider]
Note: duplicate definition of library class [org.spongepowered.tools.obfuscation.interfaces.IMessagerEx$MessageType]
Note: duplicate definition of library class [org.spongepowered.tools.obfuscation.interfaces.IMessagerEx]
Note: duplicate definition of library class [org.spongepowered.tools.obfuscation.interfaces.IMessagerSuppressible]
Note: duplicate definition of library class [org.spongepowered.tools.obfuscation.interfaces.IMixinAnnotationProcessor$1]
Note: duplicate definition of library class [org.spongepowered.tools.obfuscation.interfaces.IMixinAnnotationProcessor$CompilerEnvironment$1]
Note: duplicate definition of library class [org.spongepowered.tools.obfuscation.interfaces.IMixinAnnotationProcessor$CompilerEnvironment$2]
Note: duplicate definition of library class [org.spongepowered.tools.obfuscation.interfaces.IMixinAnnotationProcessor$CompilerEnvironment]
Note: duplicate definition of library class [org.spongepowered.tools.obfuscation.interfaces.IMixinAnnotationProcessor]
Note: duplicate definition of library class [org.spongepowered.tools.obfuscation.interfaces.IMixinValidator$ValidationPass]
Note: duplicate definition of library class [org.spongepowered.tools.obfuscation.interfaces.IMixinValidator]
Note: duplicate definition of library class [org.spongepowered.tools.obfuscation.interfaces.IObfuscationDataProvider]
Note: duplicate definition of library class [org.spongepowered.tools.obfuscation.interfaces.IObfuscationEnvironment]
Note: duplicate definition of library class [org.spongepowered.tools.obfuscation.interfaces.IObfuscationManager]
Note: duplicate definition of library class [org.spongepowered.tools.obfuscation.interfaces.IOptionProvider]
Note: duplicate definition of library class [org.spongepowered.tools.obfuscation.interfaces.IReferenceManager]
Note: duplicate definition of library class [org.spongepowered.tools.obfuscation.interfaces.ITypeHandleProvider]
Note: duplicate definition of library class [org.spongepowered.tools.obfuscation.mapping.common.MappingProvider]
Note: duplicate definition of library class [org.spongepowered.tools.obfuscation.mapping.common.MappingWriter]
Note: duplicate definition of library class [org.spongepowered.tools.obfuscation.mapping.fg3.MappingMethodLazy]
Note: duplicate definition of library class [org.spongepowered.tools.obfuscation.mapping.fg3.MappingProviderTSrg]
Note: duplicate definition of library class [org.spongepowered.tools.obfuscation.mapping.fg3.MappingWriterTSrg]
Note: duplicate definition of library class [org.spongepowered.tools.obfuscation.mapping.IMappingConsumer$MappingSet$Pair]
Note: duplicate definition of library class [org.spongepowered.tools.obfuscation.mapping.IMappingConsumer$MappingSet]
Note: duplicate definition of library class [org.spongepowered.tools.obfuscation.mapping.IMappingConsumer]
Note: duplicate definition of library class [org.spongepowered.tools.obfuscation.mapping.IMappingProvider]
Note: duplicate definition of library class [org.spongepowered.tools.obfuscation.mapping.IMappingWriter]
Note: duplicate definition of library class [org.spongepowered.tools.obfuscation.mapping.mcp.MappingProviderSrg$1]
Note: duplicate definition of library class [org.spongepowered.tools.obfuscation.mapping.mcp.MappingProviderSrg]
Note: duplicate definition of library class [org.spongepowered.tools.obfuscation.mapping.mcp.MappingWriterSrg]
Note: duplicate definition of library class [org.spongepowered.tools.obfuscation.Mappings$MappingConflictException]
Note: duplicate definition of library class [org.spongepowered.tools.obfuscation.Mappings$UniqueMappings]
Note: duplicate definition of library class [org.spongepowered.tools.obfuscation.Mappings]
Note: duplicate definition of library class [org.spongepowered.tools.obfuscation.mcp.ObfuscationEnvironmentMCP]
Note: duplicate definition of library class [org.spongepowered.tools.obfuscation.mcp.ObfuscationServiceMCP]
Note: duplicate definition of library class [org.spongepowered.tools.obfuscation.mirror.AnnotationHandle]
Note: duplicate definition of library class [org.spongepowered.tools.obfuscation.mirror.FieldHandle]
Note: duplicate definition of library class [org.spongepowered.tools.obfuscation.mirror.FieldHandleASM]
Note: duplicate definition of library class [org.spongepowered.tools.obfuscation.mirror.mapping.MappingMethodResolvable]
Note: duplicate definition of library class [org.spongepowered.tools.obfuscation.mirror.MemberHandle]
Note: duplicate definition of library class [org.spongepowered.tools.obfuscation.mirror.MethodHandle]
Note: duplicate definition of library class [org.spongepowered.tools.obfuscation.mirror.MethodHandleASM]
Note: duplicate definition of library class [org.spongepowered.tools.obfuscation.mirror.TypeHandle]
Note: duplicate definition of library class [org.spongepowered.tools.obfuscation.mirror.TypeHandleASM]
Note: duplicate definition of library class [org.spongepowered.tools.obfuscation.mirror.TypeHandleSimulated]
Note: duplicate definition of library class [org.spongepowered.tools.obfuscation.mirror.TypeReference]
Note: duplicate definition of library class [org.spongepowered.tools.obfuscation.mirror.TypeUtils$1]
Note: duplicate definition of library class [org.spongepowered.tools.obfuscation.mirror.TypeUtils$Equivalency]
Note: duplicate definition of library class [org.spongepowered.tools.obfuscation.mirror.TypeUtils$EquivalencyResult]
Note: duplicate definition of library class [org.spongepowered.tools.obfuscation.mirror.TypeUtils]
Note: duplicate definition of library class [org.spongepowered.tools.obfuscation.MixinObfuscationProcessor]
Note: duplicate definition of library class [org.spongepowered.tools.obfuscation.MixinObfuscationProcessorInjection]
Note: duplicate definition of library class [org.spongepowered.tools.obfuscation.MixinObfuscationProcessorTargets]
Note: duplicate definition of library class [org.spongepowered.tools.obfuscation.MixinValidator]
Note: duplicate definition of library class [org.spongepowered.tools.obfuscation.ObfuscationData]
Note: duplicate definition of library class [org.spongepowered.tools.obfuscation.ObfuscationDataProvider]
Note: duplicate definition of library class [org.spongepowered.tools.obfuscation.ObfuscationEnvironment$RemapperProxy]
Note: duplicate definition of library class [org.spongepowered.tools.obfuscation.ObfuscationEnvironment]
Note: duplicate definition of library class [org.spongepowered.tools.obfuscation.ObfuscationManager]
Note: duplicate definition of library class [org.spongepowered.tools.obfuscation.ObfuscationType]
Note: duplicate definition of library class [org.spongepowered.tools.obfuscation.ReferenceManager$ReferenceConflictException]
Note: duplicate definition of library class [org.spongepowered.tools.obfuscation.ReferenceManager]
Note: duplicate definition of library class [org.spongepowered.tools.obfuscation.service.IObfuscationService]
Note: duplicate definition of library class [org.spongepowered.tools.obfuscation.service.ObfuscationServices]
Note: duplicate definition of library class [org.spongepowered.tools.obfuscation.service.ObfuscationTypeDescriptor]
Note: duplicate definition of library class [org.spongepowered.tools.obfuscation.struct.InjectorRemap]
Note: duplicate definition of library class [org.spongepowered.tools.obfuscation.struct.Message]
Note: duplicate definition of library class [org.spongepowered.tools.obfuscation.SupportedOptions]
Note: duplicate definition of library class [org.spongepowered.tools.obfuscation.SuppressedBy]
Note: duplicate definition of library class [org.spongepowered.tools.obfuscation.TargetMap]
Note: duplicate definition of library class [org.spongepowered.tools.obfuscation.validation.ParentValidator]
Note: duplicate definition of library class [org.spongepowered.tools.obfuscation.validation.TargetValidator]
Note: duplicate definition of library class [org.spongepowered.asm.bridge.RemapperAdapter]
Note: duplicate definition of library class [org.spongepowered.asm.bridge.RemapperAdapterFML]
Note: duplicate definition of library class [org.spongepowered.asm.mixin.transformer.debug.RuntimeDecompiler$1]
Note: duplicate definition of library class [org.spongepowered.asm.mixin.transformer.debug.RuntimeDecompiler]
Note: duplicate definition of library class [org.spongepowered.asm.mixin.transformer.debug.RuntimeDecompilerAsync]
Note: duplicate definition of library class [org.spongepowered.asm.launch.MixinTweaker]
Note: duplicate definition of library class [org.spongepowered.asm.launch.platform.MixinPlatformAgentFMLLegacy$MixinAppender]
Note: duplicate definition of library class [org.spongepowered.asm.launch.platform.MixinPlatformAgentFMLLegacy]
Note: duplicate definition of library class [org.spongepowered.asm.launch.platform.MixinPlatformAgentLiteLoaderLegacy]
Note: duplicate definition of library class [org.spongepowered.asm.mixin.EnvironmentStateTweaker]
Note: duplicate definition of library class [org.spongepowered.asm.mixin.transformer.Proxy]
Note: duplicate definition of library class [org.spongepowered.asm.service.mojang.Blackboard$Key]
Note: duplicate definition of library class [org.spongepowered.asm.service.mojang.Blackboard]
Note: duplicate definition of library class [org.spongepowered.asm.service.mojang.LaunchClassLoaderUtil]
Note: duplicate definition of library class [org.spongepowered.asm.service.mojang.LegacyTransformerHandle]
Note: duplicate definition of library class [org.spongepowered.asm.service.mojang.LoggerAdapterLog4j2]
Note: duplicate definition of library class [org.spongepowered.asm.service.mojang.MixinServiceLaunchWrapper]
Note: duplicate definition of library class [org.spongepowered.asm.service.mojang.MixinServiceLaunchWrapperBootstrap]
Note: duplicate definition of library class [org.spongepowered.asm.lib.AnnotationVisitor]
Note: duplicate definition of library class [org.spongepowered.asm.lib.Attribute]
Note: duplicate definition of library class [org.spongepowered.asm.lib.ClassVisitor]
Note: duplicate definition of library class [org.spongepowered.asm.lib.FieldVisitor]
Note: duplicate definition of library class [org.spongepowered.asm.lib.MethodVisitor]
Note: duplicate definition of library class [org.spongepowered.asm.lib.tree.ClassNode]
Note: duplicate definition of library class [org.spongepowered.asm.lib.TypePath]
Note: duplicate definition of library class [org.spongepowered.asm.mixin.throwables.CompanionPluginError]
Note: duplicate definition of library class [org.spongepowered.asm.launch.GlobalProperties$Keys]
Note: duplicate definition of library class [org.spongepowered.asm.launch.GlobalProperties]
Note: duplicate definition of library class [org.spongepowered.asm.launch.MixinBootstrap]
Note: duplicate definition of library class [org.spongepowered.asm.launch.MixinInitialisationError]
Note: duplicate definition of library class [org.spongepowered.asm.launch.platform.CommandLineOptions]
Note: duplicate definition of library class [org.spongepowered.asm.launch.platform.container.ContainerHandleURI]
Note: duplicate definition of library class [org.spongepowered.asm.launch.platform.container.ContainerHandleVirtual]
Note: duplicate definition of library class [org.spongepowered.asm.launch.platform.container.IContainerHandle]
Note: duplicate definition of library class [org.spongepowered.asm.launch.platform.IMixinPlatformAgent$AcceptResult]
Note: duplicate definition of library class [org.spongepowered.asm.launch.platform.IMixinPlatformAgent]
Note: duplicate definition of library class [org.spongepowered.asm.launch.platform.IMixinPlatformServiceAgent]
Note: duplicate definition of library class [org.spongepowered.asm.launch.platform.MainAttributes]
Note: duplicate definition of library class [org.spongepowered.asm.launch.platform.MixinConnectorManager]
Note: duplicate definition of library class [org.spongepowered.asm.launch.platform.MixinContainer]
Note: duplicate definition of library class [org.spongepowered.asm.launch.platform.MixinPlatformAgentAbstract]
Note: duplicate definition of library class [org.spongepowered.asm.launch.platform.MixinPlatformAgentDefault]
Note: duplicate definition of library class [org.spongepowered.asm.launch.platform.MixinPlatformManager]
Note: duplicate definition of library class [org.spongepowered.asm.logging.ILogger]
Note: duplicate definition of library class [org.spongepowered.asm.logging.Level]
Note: duplicate definition of library class [org.spongepowered.asm.logging.LoggerAdapterAbstract$FormattedMessage]
Note: duplicate definition of library class [org.spongepowered.asm.logging.LoggerAdapterAbstract]
Note: duplicate definition of library class [org.spongepowered.asm.logging.LoggerAdapterConsole]
Note: duplicate definition of library class [org.spongepowered.asm.logging.LoggerAdapterDefault]
Note: duplicate definition of library class [org.spongepowered.asm.logging.LoggerAdapterJava]
Note: duplicate definition of library class [org.spongepowered.asm.mixin.connect.IMixinConnector]
Note: duplicate definition of library class [org.spongepowered.asm.mixin.Debug]
Note: duplicate definition of library class [org.spongepowered.asm.mixin.Dynamic]
Note: duplicate definition of library class [org.spongepowered.asm.mixin.extensibility.IActivityContext$IActivity]
Note: duplicate definition of library class [org.spongepowered.asm.mixin.extensibility.IActivityContext]
Note: duplicate definition of library class [org.spongepowered.asm.mixin.extensibility.IEnvironmentTokenProvider]
Note: duplicate definition of library class [org.spongepowered.asm.mixin.extensibility.IMixinConfig]
Note: duplicate definition of library class [org.spongepowered.asm.mixin.extensibility.IMixinConfigPlugin]
Note: duplicate definition of library class [org.spongepowered.asm.mixin.extensibility.IMixinConfigSource]
Note: duplicate definition of library class [org.spongepowered.asm.mixin.extensibility.IMixinErrorHandler$ErrorAction]
Note: duplicate definition of library class [org.spongepowered.asm.mixin.extensibility.IMixinErrorHandler]
Note: duplicate definition of library class [org.spongepowered.asm.mixin.extensibility.IMixinInfo]
Note: duplicate definition of library class [org.spongepowered.asm.mixin.extensibility.IRemapper]
Note: duplicate definition of library class [org.spongepowered.asm.mixin.Final]
Note: duplicate definition of library class [org.spongepowered.asm.mixin.gen.Accessor]
Note: duplicate definition of library class [org.spongepowered.asm.mixin.gen.AccessorGenerator]
Note: duplicate definition of library class [org.spongepowered.asm.mixin.gen.AccessorGeneratorField]
Note: duplicate definition of library class [org.spongepowered.asm.mixin.gen.AccessorGeneratorFieldGetter]
Note: duplicate definition of library class [org.spongepowered.asm.mixin.gen.AccessorGeneratorFieldSetter]
Note: duplicate definition of library class [org.spongepowered.asm.mixin.gen.AccessorGeneratorMethodProxy]
Note: duplicate definition of library class [org.spongepowered.asm.mixin.gen.AccessorGeneratorObjectFactory]
Note: duplicate definition of library class [org.spongepowered.asm.mixin.gen.AccessorInfo$1]
Note: duplicate definition of library class [org.spongepowered.asm.mixin.gen.AccessorInfo$AccessorName]
Note: duplicate definition of library class [org.spongepowered.asm.mixin.gen.AccessorInfo$AccessorType$1]
Note: duplicate definition of library class [org.spongepowered.asm.mixin.gen.AccessorInfo$AccessorType$2]
Note: duplicate definition of library class [org.spongepowered.asm.mixin.gen.AccessorInfo$AccessorType$3]
Note: duplicate definition of library class [org.spongepowered.asm.mixin.gen.AccessorInfo$AccessorType$4]
Note: duplicate definition of library class [org.spongepowered.asm.mixin.gen.AccessorInfo$AccessorType]
Note: duplicate definition of library class [org.spongepowered.asm.mixin.gen.AccessorInfo]
Note: duplicate definition of library class [org.spongepowered.asm.mixin.gen.Invoker]
Note: duplicate definition of library class [org.spongepowered.asm.mixin.gen.InvokerInfo]
Note: duplicate definition of library class [org.spongepowered.asm.mixin.gen.throwables.InvalidAccessorException]
Note: duplicate definition of library class [org.spongepowered.asm.mixin.Implements]
Note: duplicate definition of library class [org.spongepowered.asm.mixin.injection.At$Shift]
Note: duplicate definition of library class [org.spongepowered.asm.mixin.injection.At]
Note: duplicate definition of library class [org.spongepowered.asm.mixin.injection.callback.CallbackInfo]
Note: duplicate definition of library class [org.spongepowered.asm.mixin.injection.callback.CallbackInfoReturnable]
Note: duplicate definition of library class [org.spongepowered.asm.mixin.injection.callback.CallbackInjector$1]
Note: duplicate definition of library class [org.spongepowered.asm.mixin.injection.callback.CallbackInjector$Callback]
Note: duplicate definition of library class [org.spongepowered.asm.mixin.injection.callback.CallbackInjector]
Note: duplicate definition of library class [org.spongepowered.asm.mixin.injection.callback.Cancellable]
Note: duplicate definition of library class [org.spongepowered.asm.mixin.injection.callback.CancellationException]
Note: duplicate definition of library class [org.spongepowered.asm.mixin.injection.callback.LocalCapture]
Note: duplicate definition of library class [org.spongepowered.asm.mixin.injection.code.IInsnListEx$SpecialNodeType]
Note: duplicate definition of library class [org.spongepowered.asm.mixin.injection.code.IInsnListEx]
Note: duplicate definition of library class [org.spongepowered.asm.mixin.injection.code.Injector$InjectorData]
Note: duplicate definition of library class [org.spongepowered.asm.mixin.injection.code.Injector$TargetNode]
Note: duplicate definition of library class [org.spongepowered.asm.mixin.injection.code.Injector]
Note: duplicate definition of library class [org.spongepowered.asm.mixin.injection.code.InjectorTarget]
Note: duplicate definition of library class [org.spongepowered.asm.mixin.injection.code.InsnListEx$1]
Note: duplicate definition of library class [org.spongepowered.asm.mixin.injection.code.InsnListEx]
Note: duplicate definition of library class [org.spongepowered.asm.mixin.injection.code.InsnListReadOnly]
Note: duplicate definition of library class [org.spongepowered.asm.mixin.injection.code.ISliceContext]
Note: duplicate definition of library class [org.spongepowered.asm.mixin.injection.code.MethodSlice$InsnListSlice$SliceIterator]
Note: duplicate definition of library class [org.spongepowered.asm.mixin.injection.code.MethodSlice$InsnListSlice]
Note: duplicate definition of library class [org.spongepowered.asm.mixin.injection.code.MethodSlice]
Note: duplicate definition of library class [org.spongepowered.asm.mixin.injection.code.MethodSlices]
Note: duplicate definition of library class [org.spongepowered.asm.mixin.injection.Coerce]
Note: duplicate definition of library class [org.spongepowered.asm.mixin.injection.Constant$Condition]
Note: duplicate definition of library class [org.spongepowered.asm.mixin.injection.Constant]
Note: duplicate definition of library class [org.spongepowered.asm.mixin.injection.Desc]
Note: duplicate definition of library class [org.spongepowered.asm.mixin.injection.Descriptors]
Note: duplicate definition of library class [org.spongepowered.asm.mixin.injection.Group]
Note: duplicate definition of library class [org.spongepowered.asm.mixin.injection.IInjectionPointContext]
Note: duplicate definition of library class [org.spongepowered.asm.mixin.injection.Inject]
Note: duplicate definition of library class [org.spongepowered.asm.mixin.injection.InjectionPoint$AtCode]
Note: duplicate definition of library class [org.spongepowered.asm.mixin.injection.InjectionPoint$CompositeInjectionPoint]
Note: duplicate definition of library class [org.spongepowered.asm.mixin.injection.InjectionPoint$Flags]
Note: duplicate definition of library class [org.spongepowered.asm.mixin.injection.InjectionPoint$Intersection]
Note: duplicate definition of library class [org.spongepowered.asm.mixin.injection.InjectionPoint$RestrictTargetLevel]
Note: duplicate definition of library class [org.spongepowered.asm.mixin.injection.InjectionPoint$Shift]
Note: duplicate definition of library class [org.spongepowered.asm.mixin.injection.InjectionPoint$ShiftByViolationBehaviour]
Note: duplicate definition of library class [org.spongepowered.asm.mixin.injection.InjectionPoint$Specifier]
Note: duplicate definition of library class [org.spongepowered.asm.mixin.injection.InjectionPoint$Union]
Note: duplicate definition of library class [org.spongepowered.asm.mixin.injection.InjectionPoint]
Note: duplicate definition of library class [org.spongepowered.asm.mixin.injection.invoke.arg.Args]
Note: duplicate definition of library class [org.spongepowered.asm.mixin.injection.invoke.arg.ArgsClassGenerator$ArgsClassInfo]
Note: duplicate definition of library class [org.spongepowered.asm.mixin.injection.invoke.arg.ArgsClassGenerator]
Note: duplicate definition of library class [org.spongepowered.asm.mixin.injection.invoke.arg.ArgumentCountException]
Note: duplicate definition of library class [org.spongepowered.asm.mixin.injection.invoke.arg.ArgumentIndexOutOfBoundsException]
Note: duplicate definition of library class [org.spongepowered.asm.mixin.injection.invoke.InvokeInjector]
Note: duplicate definition of library class [org.spongepowered.asm.mixin.injection.invoke.ModifyArgInjector]
Note: duplicate definition of library class [org.spongepowered.asm.mixin.injection.invoke.ModifyArgsInjector]
Note: duplicate definition of library class [org.spongepowered.asm.mixin.injection.invoke.ModifyConstantInjector]
Note: duplicate definition of library class [org.spongepowered.asm.mixin.injection.invoke.RedirectInjector$ConstructorRedirectData]
Note: duplicate definition of library class [org.spongepowered.asm.mixin.injection.invoke.RedirectInjector$Meta]
Note: duplicate definition of library class [org.spongepowered.asm.mixin.injection.invoke.RedirectInjector$RedirectedFieldData]
Note: duplicate definition of library class [org.spongepowered.asm.mixin.injection.invoke.RedirectInjector$RedirectedInvokeData]
Note: duplicate definition of library class [org.spongepowered.asm.mixin.injection.invoke.RedirectInjector]
Note: duplicate definition of library class [org.spongepowered.asm.mixin.injection.invoke.util.InsnFinder$AnalysisResultException]
Note: duplicate definition of library class [org.spongepowered.asm.mixin.injection.invoke.util.InsnFinder$AnalyzerState]
Note: duplicate definition of library class [org.spongepowered.asm.mixin.injection.invoke.util.InsnFinder$PopAnalyzer$PopFrame]
Note: duplicate definition of library class [org.spongepowered.asm.mixin.injection.invoke.util.InsnFinder$PopAnalyzer]
Note: duplicate definition of library class [org.spongepowered.asm.mixin.injection.invoke.util.InsnFinder]
Note: duplicate definition of library class [org.spongepowered.asm.mixin.injection.modify.AfterStoreLocal]
Note: duplicate definition of library class [org.spongepowered.asm.mixin.injection.modify.BeforeLoadLocal$SearchState]
Note: duplicate definition of library class [org.spongepowered.asm.mixin.injection.modify.BeforeLoadLocal]
Note: duplicate definition of library class [org.spongepowered.asm.mixin.injection.modify.InvalidImplicitDiscriminatorException]
Note: duplicate definition of library class [org.spongepowered.asm.mixin.injection.modify.LocalVariableDiscriminator$Context$Local]
Note: duplicate definition of library class [org.spongepowered.asm.mixin.injection.modify.LocalVariableDiscriminator$Context]
Note: duplicate definition of library class [org.spongepowered.asm.mixin.injection.modify.LocalVariableDiscriminator]
Note: duplicate definition of library class [org.spongepowered.asm.mixin.injection.modify.ModifyVariableInjector$Context]
Note: duplicate definition of library class [org.spongepowered.asm.mixin.injection.modify.ModifyVariableInjector$LocalVariableInjectionPoint]
Note: duplicate definition of library class [org.spongepowered.asm.mixin.injection.modify.ModifyVariableInjector]
Note: duplicate definition of library class [org.spongepowered.asm.mixin.injection.ModifyArg]
Note: duplicate definition of library class [org.spongepowered.asm.mixin.injection.ModifyArgs]
Note: duplicate definition of library class [org.spongepowered.asm.mixin.injection.ModifyConstant]
Note: duplicate definition of library class [org.spongepowered.asm.mixin.injection.ModifyVariable]
Note: duplicate definition of library class [org.spongepowered.asm.mixin.injection.Next]
Note: duplicate definition of library class [org.spongepowered.asm.mixin.injection.points.AfterInvoke]
Note: duplicate definition of library class [org.spongepowered.asm.mixin.injection.points.BeforeConstant]
Note: duplicate definition of library class [org.spongepowered.asm.mixin.injection.points.BeforeFieldAccess]
Note: duplicate definition of library class [org.spongepowered.asm.mixin.injection.points.BeforeFinalReturn]
Note: duplicate definition of library class [org.spongepowered.asm.mixin.injection.points.BeforeInvoke$SearchType]
Note: duplicate definition of library class [org.spongepowered.asm.mixin.injection.points.BeforeInvoke]
Note: duplicate definition of library class [org.spongepowered.asm.mixin.injection.points.BeforeNew]
Note: duplicate definition of library class [org.spongepowered.asm.mixin.injection.points.BeforeReturn]
Note: duplicate definition of library class [org.spongepowered.asm.mixin.injection.points.BeforeStringInvoke]
Note: duplicate definition of library class [org.spongepowered.asm.mixin.injection.points.ConstructorHead$Enforce]
Note: duplicate definition of library class [org.spongepowered.asm.mixin.injection.points.ConstructorHead]
Note: duplicate definition of library class [org.spongepowered.asm.mixin.injection.points.JumpInsnPoint]
Note: duplicate definition of library class [org.spongepowered.asm.mixin.injection.points.MethodHead]
Note: duplicate definition of library class [org.spongepowered.asm.mixin.injection.Redirect]
Note: duplicate definition of library class [org.spongepowered.asm.mixin.injection.selectors.dynamic.DescriptorResolver$Descriptor]
Note: duplicate definition of library class [org.spongepowered.asm.mixin.injection.selectors.dynamic.DescriptorResolver$IResolverObserver]
Note: duplicate definition of library class [org.spongepowered.asm.mixin.injection.selectors.dynamic.DescriptorResolver$ResolverObserverBasic]
Note: duplicate definition of library class [org.spongepowered.asm.mixin.injection.selectors.dynamic.DescriptorResolver$ResolverObserverDebug]
Note: duplicate definition of library class [org.spongepowered.asm.mixin.injection.selectors.dynamic.DescriptorResolver]
Note: duplicate definition of library class [org.spongepowered.asm.mixin.injection.selectors.dynamic.DynamicSelectorDesc$1]
Note: duplicate definition of library class [org.spongepowered.asm.mixin.injection.selectors.dynamic.DynamicSelectorDesc$Next]
Note: duplicate definition of library class [org.spongepowered.asm.mixin.injection.selectors.dynamic.DynamicSelectorDesc]
Note: duplicate definition of library class [org.spongepowered.asm.mixin.injection.selectors.dynamic.IResolvedDescriptor]
Note: duplicate definition of library class [org.spongepowered.asm.mixin.injection.selectors.ElementNode$ElementNodeField]
Note: duplicate definition of library class [org.spongepowered.asm.mixin.injection.selectors.ElementNode$ElementNodeFieldInsn]
Note: duplicate definition of library class [org.spongepowered.asm.mixin.injection.selectors.ElementNode$ElementNodeInvokeDynamicInsn]
Note: duplicate definition of library class [org.spongepowered.asm.mixin.injection.selectors.ElementNode$ElementNodeIterable]
Note: duplicate definition of library class [org.spongepowered.asm.mixin.injection.selectors.ElementNode$ElementNodeIterator]
Note: duplicate definition of library class [org.spongepowered.asm.mixin.injection.selectors.ElementNode$ElementNodeMethod]
Note: duplicate definition of library class [org.spongepowered.asm.mixin.injection.selectors.ElementNode$ElementNodeMethodInsn]
Note: duplicate definition of library class [org.spongepowered.asm.mixin.injection.selectors.ElementNode$NodeType]
Note: duplicate definition of library class [org.spongepowered.asm.mixin.injection.selectors.ElementNode]
Note: duplicate definition of library class [org.spongepowered.asm.mixin.injection.selectors.InvalidSelector]
Note: duplicate definition of library class [org.spongepowered.asm.mixin.injection.selectors.InvalidSelectorException]
Note: duplicate definition of library class [org.spongepowered.asm.mixin.injection.selectors.ISelectorContext]
Note: duplicate definition of library class [org.spongepowered.asm.mixin.injection.selectors.ITargetSelector$Configure]
Note: duplicate definition of library class [org.spongepowered.asm.mixin.injection.selectors.ITargetSelector]
Note: duplicate definition of library class [org.spongepowered.asm.mixin.injection.selectors.ITargetSelectorByName]
Note: duplicate definition of library class [org.spongepowered.asm.mixin.injection.selectors.ITargetSelectorConstructor]
Note: duplicate definition of library class [org.spongepowered.asm.mixin.injection.selectors.ITargetSelectorDynamic$SelectorAnnotation]
Note: duplicate definition of library class [org.spongepowered.asm.mixin.injection.selectors.ITargetSelectorDynamic$SelectorId]
Note: duplicate definition of library class [org.spongepowered.asm.mixin.injection.selectors.ITargetSelectorDynamic]
Note: duplicate definition of library class [org.spongepowered.asm.mixin.injection.selectors.ITargetSelectorRemappable]
Note: duplicate definition of library class [org.spongepowered.asm.mixin.injection.selectors.MatchResult]
Note: duplicate definition of library class [org.spongepowered.asm.mixin.injection.selectors.MemberMatcher]
Note: duplicate definition of library class [org.spongepowered.asm.mixin.injection.selectors.TargetSelector$DynamicSelectorEntry]
Note: duplicate definition of library class [org.spongepowered.asm.mixin.injection.selectors.TargetSelector$Result]
Note: duplicate definition of library class [org.spongepowered.asm.mixin.injection.selectors.TargetSelector]
Note: duplicate definition of library class [org.spongepowered.asm.mixin.injection.selectors.TargetSelectors$SelectedMethod]
Note: duplicate definition of library class [org.spongepowered.asm.mixin.injection.selectors.TargetSelectors]
Note: duplicate definition of library class [org.spongepowered.asm.mixin.injection.selectors.throwables.SelectorConstraintException]
Note: duplicate definition of library class [org.spongepowered.asm.mixin.injection.selectors.throwables.SelectorException]
Note: duplicate definition of library class [org.spongepowered.asm.mixin.injection.Slice]
Note: duplicate definition of library class [org.spongepowered.asm.mixin.injection.struct.ArgOffsets$Default]
Note: duplicate definition of library class [org.spongepowered.asm.mixin.injection.struct.ArgOffsets]
Note: duplicate definition of library class [org.spongepowered.asm.mixin.injection.struct.CallbackInjectionInfo]
Note: duplicate definition of library class [org.spongepowered.asm.mixin.injection.struct.Constructor]
Note: duplicate definition of library class [org.spongepowered.asm.mixin.injection.struct.IChainedDecoration]
Note: duplicate definition of library class [org.spongepowered.asm.mixin.injection.struct.InjectionInfo$AnnotationType]
Note: duplicate definition of library class [org.spongepowered.asm.mixin.injection.struct.InjectionInfo$HandlerPrefix]
Note: duplicate definition of library class [org.spongepowered.asm.mixin.injection.struct.InjectionInfo$InjectorEntry]
Note: duplicate definition of library class [org.spongepowered.asm.mixin.injection.struct.InjectionInfo$InjectorOrder]
Note: duplicate definition of library class [org.spongepowered.asm.mixin.injection.struct.InjectionInfo]
Note: duplicate definition of library class [org.spongepowered.asm.mixin.injection.struct.InjectionNodes$InjectionNode]
Note: duplicate definition of library class [org.spongepowered.asm.mixin.injection.struct.InjectionNodes]
Note: duplicate definition of library class [org.spongepowered.asm.mixin.injection.struct.InjectionPointAnnotationContext]
Note: duplicate definition of library class [org.spongepowered.asm.mixin.injection.struct.InjectionPointData]
Note: duplicate definition of library class [org.spongepowered.asm.mixin.injection.struct.InjectorGroupInfo$Map]
Note: duplicate definition of library class [org.spongepowered.asm.mixin.injection.struct.InjectorGroupInfo]
Note: duplicate definition of library class [org.spongepowered.asm.mixin.injection.struct.InvalidMemberDescriptorException]
Note: duplicate definition of library class [org.spongepowered.asm.mixin.injection.struct.MemberInfo$1]
Note: duplicate definition of library class [org.spongepowered.asm.mixin.injection.struct.MemberInfo]
Note: duplicate definition of library class [org.spongepowered.asm.mixin.injection.struct.ModifyArgInjectionInfo]
Note: duplicate definition of library class [org.spongepowered.asm.mixin.injection.struct.ModifyArgsInjectionInfo]
Note: duplicate definition of library class [org.spongepowered.asm.mixin.injection.struct.ModifyConstantInjectionInfo]
Note: duplicate definition of library class [org.spongepowered.asm.mixin.injection.struct.ModifyVariableInjectionInfo]
Note: duplicate definition of library class [org.spongepowered.asm.mixin.injection.struct.RedirectInjectionInfo]
Note: duplicate definition of library class [org.spongepowered.asm.mixin.injection.struct.SelectorAnnotationContext]
Note: duplicate definition of library class [org.spongepowered.asm.mixin.injection.struct.Target$Extension]
Note: duplicate definition of library class [org.spongepowered.asm.mixin.injection.struct.Target]
Note: duplicate definition of library class [org.spongepowered.asm.mixin.injection.struct.TargetNotSupportedException]
Note: duplicate definition of library class [org.spongepowered.asm.mixin.injection.Surrogate]
Note: duplicate definition of library class [org.spongepowered.asm.mixin.injection.throwables.InjectionError]
Note: duplicate definition of library class [org.spongepowered.asm.mixin.injection.throwables.InjectionValidationException]
Note: duplicate definition of library class [org.spongepowered.asm.mixin.injection.throwables.InvalidInjectionException]
Note: duplicate definition of library class [org.spongepowered.asm.mixin.injection.throwables.InvalidInjectionPointException]
Note: duplicate definition of library class [org.spongepowered.asm.mixin.injection.throwables.InvalidSliceException]
Note: duplicate definition of library class [org.spongepowered.asm.mixin.Interface$Remap]
Note: duplicate definition of library class [org.spongepowered.asm.mixin.Interface]
Note: duplicate definition of library class [org.spongepowered.asm.mixin.Intrinsic]
Note: duplicate definition of library class [org.spongepowered.asm.mixin.Mixin]
Note: duplicate definition of library class [org.spongepowered.asm.mixin.MixinEnvironment$1]
Note: duplicate definition of library class [org.spongepowered.asm.mixin.MixinEnvironment$CompatibilityLevel$1]
Note: duplicate definition of library class [org.spongepowered.asm.mixin.MixinEnvironment$CompatibilityLevel$10]
Note: duplicate definition of library class [org.spongepowered.asm.mixin.MixinEnvironment$CompatibilityLevel$11]
Note: duplicate definition of library class [org.spongepowered.asm.mixin.MixinEnvironment$CompatibilityLevel$12]
Note: duplicate definition of library class [org.spongepowered.asm.mixin.MixinEnvironment$CompatibilityLevel$13]
Note: duplicate definition of library class [org.spongepowered.asm.mixin.MixinEnvironment$CompatibilityLevel$14]
Note: duplicate definition of library class [org.spongepowered.asm.mixin.MixinEnvironment$CompatibilityLevel$15]
Note: duplicate definition of library class [org.spongepowered.asm.mixin.MixinEnvironment$CompatibilityLevel$2]
Note: duplicate definition of library class [org.spongepowered.asm.mixin.MixinEnvironment$CompatibilityLevel$3]
Note: duplicate definition of library class [org.spongepowered.asm.mixin.MixinEnvironment$CompatibilityLevel$4]
Note: duplicate definition of library class [org.spongepowered.asm.mixin.MixinEnvironment$CompatibilityLevel$5]
Note: duplicate definition of library class [org.spongepowered.asm.mixin.MixinEnvironment$CompatibilityLevel$6]
Note: duplicate definition of library class [org.spongepowered.asm.mixin.MixinEnvironment$CompatibilityLevel$7]
Note: duplicate definition of library class [org.spongepowered.asm.mixin.MixinEnvironment$CompatibilityLevel$8]
Note: duplicate definition of library class [org.spongepowered.asm.mixin.MixinEnvironment$CompatibilityLevel$9]
Note: duplicate definition of library class [org.spongepowered.asm.mixin.MixinEnvironment$CompatibilityLevel]
Note: duplicate definition of library class [org.spongepowered.asm.mixin.MixinEnvironment$Feature$1]
Note: duplicate definition of library class [org.spongepowered.asm.mixin.MixinEnvironment$Feature]
Note: duplicate definition of library class [org.spongepowered.asm.mixin.MixinEnvironment$Option$Inherit]
Note: duplicate definition of library class [org.spongepowered.asm.mixin.MixinEnvironment$Option]
Note: duplicate definition of library class [org.spongepowered.asm.mixin.MixinEnvironment$Phase]
Note: duplicate definition of library class [org.spongepowered.asm.mixin.MixinEnvironment$PhaseConsumer]
Note: duplicate definition of library class [org.spongepowered.asm.mixin.MixinEnvironment$Side$1]
Note: duplicate definition of library class [org.spongepowered.asm.mixin.MixinEnvironment$Side$2]
Note: duplicate definition of library class [org.spongepowered.asm.mixin.MixinEnvironment$Side$3]
Note: duplicate definition of library class [org.spongepowered.asm.mixin.MixinEnvironment$Side]
Note: duplicate definition of library class [org.spongepowered.asm.mixin.MixinEnvironment$TokenProviderWrapper]
Note: duplicate definition of library class [org.spongepowered.asm.mixin.MixinEnvironment]
Note: duplicate definition of library class [org.spongepowered.asm.mixin.Mixins]
Note: duplicate definition of library class [org.spongepowered.asm.mixin.Mutable]
Note: duplicate definition of library class [org.spongepowered.asm.mixin.Overwrite]
Note: duplicate definition of library class [org.spongepowered.asm.mixin.Pseudo]
Note: duplicate definition of library class [org.spongepowered.asm.mixin.refmap.IMixinContext]
Note: duplicate definition of library class [org.spongepowered.asm.mixin.refmap.IReferenceMapper]
Note: duplicate definition of library class [org.spongepowered.asm.mixin.refmap.ReferenceMapper]
Note: duplicate definition of library class [org.spongepowered.asm.mixin.refmap.RemappingReferenceMapper]
Note: duplicate definition of library class [org.spongepowered.asm.mixin.Shadow]
Note: duplicate definition of library class [org.spongepowered.asm.mixin.SoftOverride]
Note: duplicate definition of library class [org.spongepowered.asm.mixin.struct.AnnotatedMethodInfo]
Note: duplicate definition of library class [org.spongepowered.asm.mixin.struct.MemberRef$Field]
Note: duplicate definition of library class [org.spongepowered.asm.mixin.struct.MemberRef$Handle]
Note: duplicate definition of library class [org.spongepowered.asm.mixin.struct.MemberRef$Method]
Note: duplicate definition of library class [org.spongepowered.asm.mixin.struct.MemberRef]
Note: duplicate definition of library class [org.spongepowered.asm.mixin.struct.SourceMap$File]
Note: duplicate definition of library class [org.spongepowered.asm.mixin.struct.SourceMap$Stratum]
Note: duplicate definition of library class [org.spongepowered.asm.mixin.struct.SourceMap]
Note: duplicate definition of library class [org.spongepowered.asm.mixin.struct.SpecialMethodInfo]
Note: duplicate definition of library class [org.spongepowered.asm.mixin.throwables.ClassAlreadyLoadedException]
Note: duplicate definition of library class [org.spongepowered.asm.mixin.throwables.ClassMetadataNotFoundException]
Note: duplicate definition of library class [org.spongepowered.asm.mixin.throwables.MixinApplyError]
Note: duplicate definition of library class [org.spongepowered.asm.mixin.throwables.MixinError]
Note: duplicate definition of library class [org.spongepowered.asm.mixin.throwables.MixinException]
Note: duplicate definition of library class [org.spongepowered.asm.mixin.throwables.MixinPrepareError]
Note: duplicate definition of library class [org.spongepowered.asm.mixin.transformer.ActivityStack$Activity]
Note: duplicate definition of library class [org.spongepowered.asm.mixin.transformer.ActivityStack]
Note: duplicate definition of library class [org.spongepowered.asm.mixin.transformer.ClassContext]
Note: duplicate definition of library class [org.spongepowered.asm.mixin.transformer.ClassInfo$Field]
Note: duplicate definition of library class [org.spongepowered.asm.mixin.transformer.ClassInfo$FrameData]
Note: duplicate definition of library class [org.spongepowered.asm.mixin.transformer.ClassInfo$InterfaceMethod]
Note: duplicate definition of library class [org.spongepowered.asm.mixin.transformer.ClassInfo$Member$Type]
Note: duplicate definition of library class [org.spongepowered.asm.mixin.transformer.ClassInfo$Member]
Note: duplicate definition of library class [org.spongepowered.asm.mixin.transformer.ClassInfo$Method]
Note: duplicate definition of library class [org.spongepowered.asm.mixin.transformer.ClassInfo$SearchType]
Note: duplicate definition of library class [org.spongepowered.asm.mixin.transformer.ClassInfo$Traversal]
Note: duplicate definition of library class [org.spongepowered.asm.mixin.transformer.ClassInfo$TypeLookup]
Note: duplicate definition of library class [org.spongepowered.asm.mixin.transformer.ClassInfo]
Note: duplicate definition of library class [org.spongepowered.asm.mixin.transformer.Config]
Note: duplicate definition of library class [org.spongepowered.asm.mixin.transformer.DefaultExtensions$1]
Note: duplicate definition of library class [org.spongepowered.asm.mixin.transformer.DefaultExtensions]
Note: duplicate definition of library class [org.spongepowered.asm.mixin.transformer.ext.extensions.ExtensionCheckClass$ValidationFailedException]
Note: duplicate definition of library class [org.spongepowered.asm.mixin.transformer.ext.extensions.ExtensionCheckClass]
Note: duplicate definition of library class [org.spongepowered.asm.mixin.transformer.ext.extensions.ExtensionCheckInterfaces]
Note: duplicate definition of library class [org.spongepowered.asm.mixin.transformer.ext.extensions.ExtensionClassExporter]
Note: duplicate definition of library class [org.spongepowered.asm.mixin.transformer.ext.Extensions]
Note: duplicate definition of library class [org.spongepowered.asm.mixin.transformer.ext.IClassGenerator]
Note: duplicate definition of library class [org.spongepowered.asm.mixin.transformer.ext.IDecompiler]
Note: duplicate definition of library class [org.spongepowered.asm.mixin.transformer.ext.IExtension]
Note: duplicate definition of library class [org.spongepowered.asm.mixin.transformer.ext.IExtensionRegistry]
Note: duplicate definition of library class [org.spongepowered.asm.mixin.transformer.ext.IHotSwap]
Note: duplicate definition of library class [org.spongepowered.asm.mixin.transformer.ext.ITargetClassContext]
Note: duplicate definition of library class [org.spongepowered.asm.mixin.transformer.IMixinTransformer]
Note: duplicate definition of library class [org.spongepowered.asm.mixin.transformer.IMixinTransformerFactory]
Note: duplicate definition of library class [org.spongepowered.asm.mixin.transformer.InnerClassGenerator$InnerClassAdapter]
Note: duplicate definition of library class [org.spongepowered.asm.mixin.transformer.InnerClassGenerator$InnerClassInfo]
Note: duplicate definition of library class [org.spongepowered.asm.mixin.transformer.InnerClassGenerator]
Note: duplicate definition of library class [org.spongepowered.asm.mixin.transformer.InterfaceInfo]
Note: duplicate definition of library class [org.spongepowered.asm.mixin.transformer.meta.MixinInner]
Note: duplicate definition of library class [org.spongepowered.asm.mixin.transformer.meta.MixinMerged]
Note: duplicate definition of library class [org.spongepowered.asm.mixin.transformer.meta.MixinProxy]
Note: duplicate definition of library class [org.spongepowered.asm.mixin.transformer.meta.MixinRenamed]
Note: duplicate definition of library class [org.spongepowered.asm.mixin.transformer.MethodMapper]
Note: duplicate definition of library class [org.spongepowered.asm.mixin.transformer.MixinApplicatorInterface]
Note: duplicate definition of library class [org.spongepowered.asm.mixin.transformer.MixinApplicatorStandard$ApplicatorPass]
Note: duplicate definition of library class [org.spongepowered.asm.mixin.transformer.MixinApplicatorStandard]
Note: duplicate definition of library class [org.spongepowered.asm.mixin.transformer.MixinClassGenerator]
Note: duplicate definition of library class [org.spongepowered.asm.mixin.transformer.MixinConfig$1]
Note: duplicate definition of library class [org.spongepowered.asm.mixin.transformer.MixinConfig$IListener]
Note: duplicate definition of library class [org.spongepowered.asm.mixin.transformer.MixinConfig$InjectorOptions]
Note: duplicate definition of library class [org.spongepowered.asm.mixin.transformer.MixinConfig$OverwriteOptions]
Note: duplicate definition of library class [org.spongepowered.asm.mixin.transformer.MixinConfig]
Note: duplicate definition of library class [org.spongepowered.asm.mixin.transformer.MixinCoprocessor$ProcessResult]
Note: duplicate definition of library class [org.spongepowered.asm.mixin.transformer.MixinCoprocessor]
Note: duplicate definition of library class [org.spongepowered.asm.mixin.transformer.MixinCoprocessorAccessor]
Note: duplicate definition of library class [org.spongepowered.asm.mixin.transformer.MixinCoprocessorNestHost]
Note: duplicate definition of library class [org.spongepowered.asm.mixin.transformer.MixinCoprocessorPassthrough]
Note: duplicate definition of library class [org.spongepowered.asm.mixin.transformer.MixinCoprocessors]
Note: duplicate definition of library class [org.spongepowered.asm.mixin.transformer.MixinCoprocessorSyntheticInner]
Note: duplicate definition of library class [org.spongepowered.asm.mixin.transformer.MixinInfo$DeclaredTarget]
Note: duplicate definition of library class [org.spongepowered.asm.mixin.transformer.MixinInfo$MixinClassNode]
Note: duplicate definition of library class [org.spongepowered.asm.mixin.transformer.MixinInfo$MixinMethodNode]
Note: duplicate definition of library class [org.spongepowered.asm.mixin.transformer.MixinInfo$Reloaded]
Note: duplicate definition of library class [org.spongepowered.asm.mixin.transformer.MixinInfo$State]
Note: duplicate definition of library class [org.spongepowered.asm.mixin.transformer.MixinInfo$SubType$Accessor]
Note: duplicate definition of library class [org.spongepowered.asm.mixin.transformer.MixinInfo$SubType$Interface]
Note: duplicate definition of library class [org.spongepowered.asm.mixin.transformer.MixinInfo$SubType$Standard]
Note: duplicate definition of library class [org.spongepowered.asm.mixin.transformer.MixinInfo$SubType]
Note: duplicate definition of library class [org.spongepowered.asm.mixin.transformer.MixinInfo$Variant]
Note: duplicate definition of library class [org.spongepowered.asm.mixin.transformer.MixinInfo]
Note: duplicate definition of library class [org.spongepowered.asm.mixin.transformer.MixinPreProcessorAccessor]
Note: duplicate definition of library class [org.spongepowered.asm.mixin.transformer.MixinPreProcessorInterface]
Note: duplicate definition of library class [org.spongepowered.asm.mixin.transformer.MixinPreProcessorStandard$SpecialMethod]
Note: duplicate definition of library class [org.spongepowered.asm.mixin.transformer.MixinPreProcessorStandard]
Note: duplicate definition of library class [org.spongepowered.asm.mixin.transformer.MixinProcessor$1]
Note: duplicate definition of library class [org.spongepowered.asm.mixin.transformer.MixinProcessor$ErrorPhase$1]
Note: duplicate definition of library class [org.spongepowered.asm.mixin.transformer.MixinProcessor$ErrorPhase$2]
Note: duplicate definition of library class [org.spongepowered.asm.mixin.transformer.MixinProcessor$ErrorPhase]
Note: duplicate definition of library class [org.spongepowered.asm.mixin.transformer.MixinProcessor]
Note: duplicate definition of library class [org.spongepowered.asm.mixin.transformer.MixinTargetContext]
Note: duplicate definition of library class [org.spongepowered.asm.mixin.transformer.MixinTransformer$Factory]
Note: duplicate definition of library class [org.spongepowered.asm.mixin.transformer.MixinTransformer]
Note: duplicate definition of library class [org.spongepowered.asm.mixin.transformer.PluginHandle$CompatibilityMode]
Note: duplicate definition of library class [org.spongepowered.asm.mixin.transformer.PluginHandle]
Note: duplicate definition of library class [org.spongepowered.asm.mixin.transformer.struct.Initialiser$InjectionMode]
Note: duplicate definition of library class [org.spongepowered.asm.mixin.transformer.struct.Initialiser]
Note: duplicate definition of library class [org.spongepowered.asm.mixin.transformer.struct.InsnRange]
Note: duplicate definition of library class [org.spongepowered.asm.mixin.transformer.SyntheticClassInfo]
Note: duplicate definition of library class [org.spongepowered.asm.mixin.transformer.SyntheticClassRegistry]
Note: duplicate definition of library class [org.spongepowered.asm.mixin.transformer.TargetClassContext]
Note: duplicate definition of library class [org.spongepowered.asm.mixin.transformer.throwables.IllegalClassLoadError]
Note: duplicate definition of library class [org.spongepowered.asm.mixin.transformer.throwables.InvalidInterfaceMixinException]
Note: duplicate definition of library class [org.spongepowered.asm.mixin.transformer.throwables.InvalidMixinException]
Note: duplicate definition of library class [org.spongepowered.asm.mixin.transformer.throwables.MixinApplicatorException]
Note: duplicate definition of library class [org.spongepowered.asm.mixin.transformer.throwables.MixinPreProcessorException]
Note: duplicate definition of library class [org.spongepowered.asm.mixin.transformer.throwables.MixinReloadException]
Note: duplicate definition of library class [org.spongepowered.asm.mixin.transformer.throwables.MixinTargetAlreadyLoadedException]
Note: duplicate definition of library class [org.spongepowered.asm.mixin.transformer.throwables.MixinTransformerError]
Note: duplicate definition of library class [org.spongepowered.asm.mixin.transformer.throwables.ReEntrantTransformerError]
Note: duplicate definition of library class [org.spongepowered.asm.mixin.Unique]
Note: duplicate definition of library class [org.spongepowered.asm.obfuscation.mapping.common.MappingField]
Note: duplicate definition of library class [org.spongepowered.asm.obfuscation.mapping.common.MappingMethod]
Note: duplicate definition of library class [org.spongepowered.asm.obfuscation.mapping.IMapping$Type]
Note: duplicate definition of library class [org.spongepowered.asm.obfuscation.mapping.IMapping]
Note: duplicate definition of library class [org.spongepowered.asm.obfuscation.mapping.mcp.MappingFieldSrg]
Note: duplicate definition of library class [org.spongepowered.asm.obfuscation.RemapperChain]
Note: duplicate definition of library class [org.spongepowered.asm.service.IClassBytecodeProvider]
Note: duplicate definition of library class [org.spongepowered.asm.service.IClassProvider]
Note: duplicate definition of library class [org.spongepowered.asm.service.IClassTracker]
Note: duplicate definition of library class [org.spongepowered.asm.service.IGlobalPropertyService]
Note: duplicate definition of library class [org.spongepowered.asm.service.ILegacyClassTransformer]
Note: duplicate definition of library class [org.spongepowered.asm.service.IMixinAuditTrail]
Note: duplicate definition of library class [org.spongepowered.asm.service.IMixinInternal]
Note: duplicate definition of library class [org.spongepowered.asm.service.IMixinService]
Note: duplicate definition of library class [org.spongepowered.asm.service.IMixinServiceBootstrap]
Note: duplicate definition of library class [org.spongepowered.asm.service.IPropertyKey]
Note: duplicate definition of library class [org.spongepowered.asm.service.ISyntheticClassInfo]
Note: duplicate definition of library class [org.spongepowered.asm.service.ISyntheticClassRegistry]
Note: duplicate definition of library class [org.spongepowered.asm.service.ITransformer]
Note: duplicate definition of library class [org.spongepowered.asm.service.ITransformerProvider]
Note: duplicate definition of library class [org.spongepowered.asm.service.ITreeClassTransformer]
Note: duplicate definition of library class [org.spongepowered.asm.service.MixinService$LogBuffer$LogEntry]
Note: duplicate definition of library class [org.spongepowered.asm.service.MixinService$LogBuffer]
Note: duplicate definition of library class [org.spongepowered.asm.service.MixinService]
Note: duplicate definition of library class [org.spongepowered.asm.service.MixinServiceAbstract]
Note: duplicate definition of library class [org.spongepowered.asm.service.ServiceInitialisationException]
Note: duplicate definition of library class [org.spongepowered.asm.service.ServiceNotAvailableError]
Note: duplicate definition of library class [org.spongepowered.asm.service.ServiceVersionError]
Note: duplicate definition of library class [org.spongepowered.asm.transformers.MixinClassReader]
Note: duplicate definition of library class [org.spongepowered.asm.transformers.MixinClassWriter]
Note: duplicate definition of library class [org.spongepowered.asm.transformers.TreeTransformer]
Note: duplicate definition of library class [org.spongepowered.asm.util.Annotations$1]
Note: duplicate definition of library class [org.spongepowered.asm.util.Annotations$Handle]
Note: duplicate definition of library class [org.spongepowered.asm.util.Annotations]
Note: duplicate definition of library class [org.spongepowered.asm.util.asm.ASM]
Note: duplicate definition of library class [org.spongepowered.asm.util.asm.ClassNodeAdapter]
Note: duplicate definition of library class [org.spongepowered.asm.util.asm.IAnnotatedElement]
Note: duplicate definition of library class [org.spongepowered.asm.util.asm.IAnnotationHandle]
Note: duplicate definition of library class [org.spongepowered.asm.util.asm.MarkerNode]
Note: duplicate definition of library class [org.spongepowered.asm.util.asm.MethodNodeEx]
Note: duplicate definition of library class [org.spongepowered.asm.util.asm.MethodVisitorEx]
Note: duplicate definition of library class [org.spongepowered.asm.util.asm.MixinVerifier]
Note: duplicate definition of library class [org.spongepowered.asm.util.Bytecode$DelegateInitialiser]
Note: duplicate definition of library class [org.spongepowered.asm.util.Bytecode$Visibility]
Note: duplicate definition of library class [org.spongepowered.asm.util.Bytecode]
Note: duplicate definition of library class [org.spongepowered.asm.util.ClassSignature$IToken]
Note: duplicate definition of library class [org.spongepowered.asm.util.ClassSignature$Lazy]
Note: duplicate definition of library class [org.spongepowered.asm.util.ClassSignature$SignatureParser$BoundElement]
Note: duplicate definition of library class [org.spongepowered.asm.util.ClassSignature$SignatureParser$FormalParamElement]
Note: duplicate definition of library class [org.spongepowered.asm.util.ClassSignature$SignatureParser$InterfaceElement]
Note: duplicate definition of library class [org.spongepowered.asm.util.ClassSignature$SignatureParser$SignatureElement]
Note: duplicate definition of library class [org.spongepowered.asm.util.ClassSignature$SignatureParser$SuperClassElement]
Note: duplicate definition of library class [org.spongepowered.asm.util.ClassSignature$SignatureParser$TokenElement]
Note: duplicate definition of library class [org.spongepowered.asm.util.ClassSignature$SignatureParser$TypeArgElement]
Note: duplicate definition of library class [org.spongepowered.asm.util.ClassSignature$SignatureParser]
Note: duplicate definition of library class [org.spongepowered.asm.util.ClassSignature$SignatureRemapper]
Note: duplicate definition of library class [org.spongepowered.asm.util.ClassSignature$Token]
Note: duplicate definition of library class [org.spongepowered.asm.util.ClassSignature$TokenHandle]
Note: duplicate definition of library class [org.spongepowered.asm.util.ClassSignature$TypeVar]
Note: duplicate definition of library class [org.spongepowered.asm.util.ClassSignature]
Note: duplicate definition of library class [org.spongepowered.asm.util.Constants$ManifestAttributes]
Note: duplicate definition of library class [org.spongepowered.asm.util.Constants]
Note: duplicate definition of library class [org.spongepowered.asm.util.ConstraintParser$Constraint]
Note: duplicate definition of library class [org.spongepowered.asm.util.ConstraintParser]
Note: duplicate definition of library class [org.spongepowered.asm.util.Counter]
Note: duplicate definition of library class [org.spongepowered.asm.util.Files]
Note: duplicate definition of library class [org.spongepowered.asm.util.Handles]
Note: duplicate definition of library class [org.spongepowered.asm.util.IConsumer]
Note: duplicate definition of library class [org.spongepowered.asm.util.IMessageSink]
Note: duplicate definition of library class [org.spongepowered.asm.util.ITokenProvider]
Note: duplicate definition of library class [org.spongepowered.asm.util.JavaVersion]
Note: duplicate definition of library class [org.spongepowered.asm.util.LanguageFeatures]
Note: duplicate definition of library class [org.spongepowered.asm.util.Locals$Settings]
Note: duplicate definition of library class [org.spongepowered.asm.util.Locals$SyntheticLocalVariableNode]
Note: duplicate definition of library class [org.spongepowered.asm.util.Locals$ZombieLocalVariableNode]
Note: duplicate definition of library class [org.spongepowered.asm.util.Locals]
Note: duplicate definition of library class [org.spongepowered.asm.util.logging.MessageRouter$1]
Note: duplicate definition of library class [org.spongepowered.asm.util.logging.MessageRouter$DebugInterceptingMessager]
Note: duplicate definition of library class [org.spongepowered.asm.util.logging.MessageRouter$LoggingMessager]
Note: duplicate definition of library class [org.spongepowered.asm.util.logging.MessageRouter]
Note: duplicate definition of library class [org.spongepowered.asm.util.ObfuscationUtil$IClassRemapper]
Note: duplicate definition of library class [org.spongepowered.asm.util.ObfuscationUtil]
Note: duplicate definition of library class [org.spongepowered.asm.util.perf.Profiler$1]
Note: duplicate definition of library class [org.spongepowered.asm.util.perf.Profiler$DisabledSection]
Note: duplicate definition of library class [org.spongepowered.asm.util.perf.Profiler$LiveSection]
Note: duplicate definition of library class [org.spongepowered.asm.util.perf.Profiler$ResultSection]
Note: duplicate definition of library class [org.spongepowered.asm.util.perf.Profiler$Section]
Note: duplicate definition of library class [org.spongepowered.asm.util.perf.Profiler$SubSection]
Note: duplicate definition of library class [org.spongepowered.asm.util.perf.Profiler]
Note: duplicate definition of library class [org.spongepowered.asm.util.PrettyPrinter$Alignment]
Note: duplicate definition of library class [org.spongepowered.asm.util.PrettyPrinter$CentredText]
Note: duplicate definition of library class [org.spongepowered.asm.util.PrettyPrinter$Column]
Note: duplicate definition of library class [org.spongepowered.asm.util.PrettyPrinter$HorizontalRule]
Note: duplicate definition of library class [org.spongepowered.asm.util.PrettyPrinter$IPrettyPrintable]
Note: duplicate definition of library class [org.spongepowered.asm.util.PrettyPrinter$ISpecialEntry]
Note: duplicate definition of library class [org.spongepowered.asm.util.PrettyPrinter$IVariableWidthEntry]
Note: duplicate definition of library class [org.spongepowered.asm.util.PrettyPrinter$KeyValue]
Note: duplicate definition of library class [org.spongepowered.asm.util.PrettyPrinter$Row]
Note: duplicate definition of library class [org.spongepowered.asm.util.PrettyPrinter$Table]
Note: duplicate definition of library class [org.spongepowered.asm.util.PrettyPrinter]
Note: duplicate definition of library class [org.spongepowered.asm.util.Quantifier]
Note: duplicate definition of library class [org.spongepowered.asm.util.ReEntranceLock]
Note: duplicate definition of library class [org.spongepowered.asm.util.SignaturePrinter]
Note: duplicate definition of library class [org.spongepowered.asm.util.throwables.ConstraintViolationException]
Note: duplicate definition of library class [org.spongepowered.asm.util.throwables.InvalidConstraintException]
Note: duplicate definition of library class [org.spongepowered.asm.util.throwables.LVTGeneratorError]
Note: duplicate definition of library class [org.spongepowered.asm.util.throwables.SyntheticBridgeException$Problem]
Note: duplicate definition of library class [org.spongepowered.asm.util.throwables.SyntheticBridgeException]
Note: duplicate definition of library class [org.spongepowered.asm.util.VersionNumber]
Note: duplicate definition of library class [org.spongepowered.asm.launch.IClassProcessor]
Note: duplicate definition of library class [org.spongepowered.asm.launch.MixinLaunchPluginLegacy]
Note: duplicate definition of library class [org.spongepowered.asm.launch.MixinTransformationServiceAbstract]
Note: duplicate definition of library class [org.spongepowered.asm.launch.Phases]
Note: duplicate definition of library class [org.spongepowered.asm.launch.platform.container.ContainerHandleModLauncher$Resource]
Note: duplicate definition of library class [org.spongepowered.asm.launch.platform.container.ContainerHandleModLauncher]
Note: duplicate definition of library class [org.spongepowered.asm.launch.platform.MixinPlatformAgentMinecraftForge]
Note: duplicate definition of library class [org.spongepowered.asm.service.modlauncher.Blackboard$Key]
Note: duplicate definition of library class [org.spongepowered.asm.service.modlauncher.Blackboard]
Note: duplicate definition of library class [org.spongepowered.asm.service.modlauncher.LoggerAdapterLog4j2]
Note: duplicate definition of library class [org.spongepowered.asm.service.modlauncher.MixinServiceModLauncher]
Note: duplicate definition of library class [org.spongepowered.asm.service.modlauncher.MixinServiceModLauncherBootstrap]
Note: duplicate definition of library class [org.spongepowered.asm.service.modlauncher.MixinTransformationHandler]
Note: duplicate definition of library class [org.spongepowered.asm.service.modlauncher.ModLauncherAuditTrail]
Note: duplicate definition of library class [org.spongepowered.asm.service.modlauncher.ModLauncherClassProvider]
Note: duplicate definition of library class [org.spongepowered.asm.service.modlauncher.ModLauncherClassTracker]
Note: duplicate definition of library class [org.spongepowered.asm.launch.MixinTransformationServiceLegacy]
Note: duplicate definition of library class [org.spongepowered.asm.launch.MixinLaunchPlugin]
Note: duplicate definition of library class [org.spongepowered.asm.launch.MixinTransformationService]
Note: duplicate definition of library class [org.spongepowered.asm.launch.platform.container.ContainerHandleModLauncherEx$SecureJarResource]
Note: duplicate definition of library class [org.spongepowered.asm.launch.platform.container.ContainerHandleModLauncherEx]
Note: duplicate definition of library class [module-info]
Reading library jmod [C:\Program Files\Java\jdk-21.0.10\jmods\java.base.jmod] (filtered)
Reading library jmod [C:\Program Files\Java\jdk-21.0.10\jmods\java.desktop.jmod] (filtered)
Reading library jmod [C:\Program Files\Java\jdk-21.0.10\jmods\jdk.unsupported.jmod] (filtered)
Note: there were 680 duplicate class definitions.
      (https://www.guardsquare.com/proguard/manual/troubleshooting#duplicateclass)
Initializing...
Note: the configuration refers to the unknown class 'java.sql.Driver'
Note: the configuration explicitly specifies 'dev.babbaj.pathfinder.**' to keep library class 'dev.babbaj.pathfinder.NetherPathfinder'
Note: the configuration explicitly specifies 'dev.babbaj.pathfinder.**' to keep library class 'dev.babbaj.pathfinder.Octree'
Note: the configuration explicitly specifies 'dev.babbaj.pathfinder.**' to keep library class 'dev.babbaj.pathfinder.PathSegment'
Note: there were 1 references to unknown classes.
      You should check your configuration for typos.
      (https://www.guardsquare.com/proguard/manual/troubleshooting#unknownclass)
Note: there were 3 library classes explicitly being kept.
      You don't need to keep library classes; they are already left unchanged.
      (https://www.guardsquare.com/proguard/manual/troubleshooting#libraryclass)
Ignoring unused library classes...
  Original number of library classes:              52570
  Final number of library classes:                 1987
Marking classes and class members to be kept...
Inlining subroutines...
Shrinking...
Removing unused program classes and class elements...
  Original number of program classes:            486
  Final number of program classes:               486
Optimizing (pass 1/5)...
  Number of finalized classes:                   0
  Number of unboxed enum classes:                0
  Number of vertically merged classes:           0   (disabled)
  Number of horizontally merged classes:         0   (disabled)
  Number of merged wrapper classes:              0   (disabled)
  Number of removed write-only fields:           19
  Number of privatized fields:                   127
  Number of generalized field accesses:          1259
  Number of specialized field types:             48
  Number of inlined constant fields:             11
  Number of privatized methods:                  112
  Number of staticized methods:                  40
  Number of finalized methods:                   1080
  Number of desynchronized methods:              0
  Number of simplified method signatures:        73
  Number of removed method parameters:           79
  Number of generalized method invocations:      63
  Number of specialized method parameter types:  130
  Number of specialized method return types:     81
  Number of inlined constant parameters:         175
  Number of inlined constant return values:      2
  Number of inlined short method calls:          660
  Number of inlined unique method calls:         312
  Number of inlined tail recursion calls:        4
  Number of merged code blocks:                  17
  Number of variable peephole optimizations:     2157
  Number of arithmetic peephole optimizations:   32
  Number of cast peephole optimizations:         0
  Number of field peephole optimizations:        6
  Number of branch peephole optimizations:       546
  Number of object peephole optimizations:       148
  Number of string peephole optimizations:       0
  Number of math peephole optimizations:         0
  Number of simplified instructions:             246
  Number of removed instructions:                306
  Number of removed local variables:             91
  Number of removed exception blocks:            19
  Number of optimized local variable frames:     592
Shrinking...
Removing unused program classes and class elements...
  Original number of program classes:            486
  Final number of program classes:               486
Optimizing (pass 2/5)...
  Number of finalized classes:                   0
  Number of unboxed enum classes:                0
  Number of vertically merged classes:           0   (disabled)
  Number of horizontally merged classes:         0   (disabled)
  Number of merged wrapper classes:              0   (disabled)
  Number of removed write-only fields:           19
  Number of privatized fields:                   0
  Number of generalized field accesses:          0
  Number of specialized field types:             11
  Number of inlined constant fields:             11
  Number of privatized methods:                  1
  Number of staticized methods:                  3
  Number of finalized methods:                   14
  Number of desynchronized methods:              0
  Number of simplified method signatures:        66
  Number of removed method parameters:           165
  Number of generalized method invocations:      0
  Number of specialized method parameter types:  99
  Number of specialized method return types:     8
  Number of inlined constant parameters:         172
  Number of inlined constant return values:      0
  Number of inlined short method calls:          0
  Number of inlined unique method calls:         14
  Number of inlined tail recursion calls:        0
  Number of merged code blocks:                  1
  Number of variable peephole optimizations:     120
  Number of arithmetic peephole optimizations:   10
  Number of cast peephole optimizations:         0
  Number of field peephole optimizations:        0
  Number of branch peephole optimizations:       24
  Number of object peephole optimizations:       0
  Number of string peephole optimizations:       0
  Number of math peephole optimizations:         0
  Number of simplified instructions:             17
  Number of removed instructions:                1813
  Number of removed local variables:             151
  Number of removed exception blocks:            0
  Number of optimized local variable frames:     27
Shrinking...
Removing unused program classes and class elements...
  Original number of program classes:            486
  Final number of program classes:               486
Optimizing (pass 3/5)...
  Number of finalized classes:                   0
  Number of unboxed enum classes:                0
  Number of vertically merged classes:           0   (disabled)
  Number of horizontally merged classes:         0   (disabled)
  Number of merged wrapper classes:              0   (disabled)
  Number of removed write-only fields:           19
  Number of privatized fields:                   0
  Number of generalized field accesses:          0
  Number of specialized field types:             8
  Number of inlined constant fields:             11
  Number of privatized methods:                  0
  Number of staticized methods:                  1
  Number of finalized methods:                   2
  Number of desynchronized methods:              0
  Number of simplified method signatures:        7
  Number of removed method parameters:           9
  Number of generalized method invocations:      0
  Number of specialized method parameter types:  16
  Number of specialized method return types:     2
  Number of inlined constant parameters:         9
  Number of inlined constant return values:      0
  Number of inlined short method calls:          11
  Number of inlined unique method calls:         3
  Number of inlined tail recursion calls:        0
  Number of merged code blocks:                  0
  Number of variable peephole optimizations:     31
  Number of arithmetic peephole optimizations:   0
  Number of cast peephole optimizations:         0
  Number of field peephole optimizations:        0
  Number of branch peephole optimizations:       0
  Number of object peephole optimizations:       0
  Number of string peephole optimizations:       0
  Number of math peephole optimizations:         0
  Number of simplified instructions:             6
  Number of removed instructions:                83
  Number of removed local variables:             12
  Number of removed exception blocks:            0
  Number of optimized local variable frames:     7
Shrinking...
Removing unused program classes and class elements...
  Original number of program classes:            486
  Final number of program classes:               486
Optimizing (pass 4/5)...
  Number of finalized classes:                   0
  Number of unboxed enum classes:                0
  Number of vertically merged classes:           0   (disabled)
  Number of horizontally merged classes:         0   (disabled)
  Number of merged wrapper classes:              0   (disabled)
  Number of removed write-only fields:           19
  Number of privatized fields:                   0
  Number of generalized field accesses:          0
  Number of specialized field types:             2
  Number of inlined constant fields:             0
  Number of privatized methods:                  0
  Number of staticized methods:                  0
  Number of finalized methods:                   0
  Number of desynchronized methods:              0
  Number of simplified method signatures:        2
  Number of removed method parameters:           3
  Number of generalized method invocations:      0
  Number of specialized method parameter types:  22
  Number of specialized method return types:     0
  Number of inlined constant parameters:         0
  Number of inlined constant return values:      0
  Number of inlined short method calls:          0
  Number of inlined unique method calls:         0
  Number of inlined tail recursion calls:        0
  Number of merged code blocks:                  0
  Number of variable peephole optimizations:     3
  Number of arithmetic peephole optimizations:   0
  Number of cast peephole optimizations:         0
  Number of field peephole optimizations:        0
  Number of branch peephole optimizations:       0
  Number of object peephole optimizations:       0
  Number of string peephole optimizations:       0
  Number of math peephole optimizations:         0
  Number of simplified instructions:             0
  Number of removed instructions:                40
  Number of removed local variables:             1
  Number of removed exception blocks:            0
  Number of optimized local variable frames:     0
Shrinking...
Removing unused program classes and class elements...
  Original number of program classes:            486
  Final number of program classes:               486
Optimizing (pass 5/5)...
  Number of finalized classes:                   0
  Number of unboxed enum classes:                0
  Number of vertically merged classes:           0   (disabled)
  Number of horizontally merged classes:         0   (disabled)
  Number of merged wrapper classes:              0   (disabled)
  Number of removed write-only fields:           19
  Number of privatized fields:                   0
  Number of generalized field accesses:          0
  Number of specialized field types:             1
  Number of inlined constant fields:             0
  Number of privatized methods:                  0
  Number of staticized methods:                  0
  Number of finalized methods:                   0
  Number of desynchronized methods:              0
  Number of simplified method signatures:        0
  Number of removed method parameters:           0
  Number of generalized method invocations:      0
  Number of specialized method parameter types:  7
  Number of specialized method return types:     0
  Number of inlined constant parameters:         0
  Number of inlined constant return values:      0
  Number of inlined short method calls:          0
  Number of inlined unique method calls:         0
  Number of inlined tail recursion calls:        0
  Number of merged code blocks:                  0
  Number of variable peephole optimizations:     0
  Number of arithmetic peephole optimizations:   0
  Number of cast peephole optimizations:         0
  Number of field peephole optimizations:        0
  Number of branch peephole optimizations:       0
  Number of object peephole optimizations:       0
  Number of string peephole optimizations:       0
  Number of math peephole optimizations:         0
  Number of simplified instructions:             0
  Number of removed instructions:                0
  Number of removed local variables:             0
  Number of removed exception blocks:            0
  Number of optimized local variable frames:     0
Shrinking...
Removing unused program classes and class elements...
  Original number of program classes:            486
  Final number of program classes:               486
Obfuscating...
Printing mapping to [F:\Baritone_Dev\baritone\mapping\mappings-fabric-standalone.txt]...
  Number of obfuscated classes:                  0
  Number of obfuscated fields:                   1017
  Number of obfuscated methods:                  1803
Preverifying...
Writing output...
Preparing output jar [F:\Baritone_Dev\baritone\fabric\build\tmp\proguard\proguard_out.jar] (filtered)
  Copying resources from program jar [F:\Baritone_Dev\baritone\fabric\build\libs\baritone-fabric-1.21.11-SNAPSHOT.jar] (filtered)
Running Determinizer
 Input path: F:\Baritone_Dev\baritone\fabric\build\tmp\proguard\proguard_out.jar
 Output path: F:\Baritone_Dev\baritone\fabric\build\libs\baritone-standalone-fabric-1.21.11-SNAPSHOT.jar
 Shade: []
Done with determinizer

> Task :fabric:createDist
c7121eadbbd453648592af618b4a90eccbfe6099  baritone-api-1.21.11-SNAPSHOT.jar
c346a77cd2db26ea87bfba16cd01e7cd57a0eacf  baritone-api-fabric-1.21.11-SNAPSHOT.jar
c2c16b0834ec00cc7c8e8855c32730bd534da577  baritone-standalone-1.21.11-SNAPSHOT.jar
4978d391759737c614aaa91a0b603d56836f9f71  baritone-standalone-fabric-1.21.11-SNAPSHOT.jar
10e0b4ea1269119579562e7a50aa9821e3b9d9c4  baritone-unoptimized-1.21.11-SNAPSHOT.jar
d466152a378b8410cf2e04bf92737364724a16f1  baritone-unoptimized-fabric-1.21.11-SNAPSHOT.jar

Deprecated Gradle features were used in this build, making it incompatible with Gradle 9.0.

You can use '--warning-mode all' to show the individual deprecation warnings and determine if they come from your own scripts or plugins.

For more on this, please refer to https://docs.gradle.org/8.7/userguide/command_line_interface.html#sec:command_line_warnings in the Gradle documentation.

BUILD SUCCESSFUL in 32s
4 actionable tasks: 2 executed, 2 up-to-date
